First Name,Last Name
Tammy,Harit
Filipe,Becker
Nehuén,Casco
Mykola,Neuer
Jérémy,Insigne
Cengiz,Diop
Moisés,Lanzini
Florian,Gómez
Leandro,Henrique
Yussuf,Fernández
Kaoru,Walker-Peters
Robert,Tadić
Alexander,Gaúcho
Florian,van de Beek
Kévin,Abdul Samed
Leandro,Milla
Orkun,Lodeiro
Maxwel,Weghorst
Guido,Stanišić
João,Martínez
Vladimír,Guilbert
Uroš,Martínez
Anatoliy,Sanabria
Álex,Vlachodimos
Giovani,Sadiq
Fabio,Coronado
Tyler,Aspas
Marcus,Fabra
Tanguy,Lloris
Cristiano,Tonali
Nemanja,Dembélé
Claudio,Staněk
Habib,Boyé
Jordi,Broja
Nicola,Le Normand
André-Franck,Corteijo
Gianluigi,Djiku
Adryan,Welbeck
Srđan,Kobel
Ruben,De Sciglio
Kalidou,Ramsdale
Moise,Palacios
Odilon,Bounou
Kevin,Alexander-Arnold
Hugo,Wan-Bissaka
Felix,Veron
André,Embolo
Victorio,Min Jae
Lucas,Lookman
Francesco,Aliendro
Pedrão,Hamdallah
Iddrisu,Moreno
Maxence,García
Patrick,Müller
Wellington,Traorè
Mitchell,Murphy
Mario,Weiser
Benjamin,Karsdorp
Javier,Baia
Destiny,Álvarez
Florian,Machís
Damián,Milinković-Savić
Justin,Silva
Marius,Onana
Odisseas,Omari
Franck,Jensen
David,Carmo
Jonathan,Mavididi
Cameron,Çakır
Julian,Leite
Jude,Madueke
Miguel,Nübel
Giovanni,Rahimi
Noah,Tavares
Ondřej,Paulista
Raúl,Vlahović
Rodrigo,Pedrosa
André,Burrai
Malo,Díaz
Nathan,Doan
Willian,Areola
Carles,Orban
Iñaki,Hudson-Odoi
Timothy,Nakamura
José,Cuéllar
Renato,Braida
Maximiliano,Valjent
Vitaliy,Smith Rowe
Alex,Taremi
Junya,Ruibal
Etienne,de Galarreta
Jaume,Maxim
Dušan,Farías
Rayan,Abdelhamid
Eric,Reus
Darwin,Sterling
Luís,Pépé
Davide,Rovella
Teun,Danso
Lewis,Kerkez
Harrison,Salah
Azor,Dorley
Aaron,Carvalho
Declan,Laranjo
Fábio,Pereira
Jefferson,Akpom
Kenny,Fajr
Lucas,Miretti
Sandro,Cataldi
Mats,Bondarenko
Kerem,Cervi
Silvan,Schlupp
Alejandro,Bebou
Ferran,Gutiérrez
Tyrell,Livaković
Rani,Davies
John,Poulsen
Christian,Gündoğan
Youssoufa,Bailly
Felipe,Lafont
Gedson,Saliba
Dries,Acuña
Luan,Medina
Enzo,Augustinsson
Clinton,Mendes
Devyne,González
Ronald,Kolašinac
Miguel,Marmoush
Sergio,Hernández
Karim,Steffen
Philip,Mertens
Youssouf,Lopez
Mahmoud,Gallagher
Clément,Nkunku
Dani,Lo Celso
Dušan,El Yamiq
Strahinja,van den Boomen
Nuno,Johnston
Ansu,Ødegaard
André,Thomasson
Granit,Stuani
Giorgi,Saint-Maximin
Matías,Acerbi
Nicolò,Chalobah
Thorgan,Toko Ekambi
Johan,Ghezzal
Leroy,Baschirotto
Isak,Bakasetas
Stanislav,Simeone
Lukáš,Wissa
Arthur,Kramarić
José,Arango
Victor,Singo
Romelu,Kadıoğlu
Alexander,Mbabu
Mario,Doekhi
Manuel,Varela
Luka,Amiri
Matheus,Acunha
Joël,Pavlenka
Diego,Palazón
Rafa,Elvedi
Amine,Rollheiser
Noussair,Ricci
Jonathan,Sabaly
Çağlar,Heynen
Ignacio,Cherki
Ante,Pickford
Adriano,Camavinga
Sergio,van Dijk
Angelo,Suárez
Ramiz,Ramos
Fred,Kanté
Petros,Longstaff
Ellyes,Furuhashi
Valentin,Galán
Nicolás,Kauê
Pablo,Hateboer
Aymeric,Martínez
Ihlas,Sancho
Nacho,Kolo Muani
Piotr,Stones
Manuel,Badé
Pablo,Grillitsch
Rob,Hakimi
Kyogo,Veliz
Roland,Modrić
Pierrino,Immobile
Mohamed,Falcone
Nicolae,Bellingham
Diego,Bernat
Hamed,Guirassy
Igor,Villalba
Maarten,Wijndal
Alan,Manu Koné
Frédéric,Haraslín
Konrad,Villagra
Luiz,Mendy
Hwang,Dawson
Gianluca,Fo-Doh Laba
Borna,Laranjeiros
Zeki,Hummels
William,Paixão
Adama,Račić
Mathias,Kehrer
Maxence,Tsygankov
Iván,Coates
Brian,Sotoca
Khvicha,Keane
Thomas,Pobega
Lorenzo,Boudaoui
Adem,Hernández
Nacho,Kolář
Joško,Džeko
Oscar,Pereira
Zaidu,Jr.
Cucho,Abranjes
Christopher,Fagioli
Jaka,Braithwaite
Josh,Malinovskyi
Julian,Vogt
Marc,Faes
Joseph,Fofana
Ryan,ter Stegen
Alejo,Djimsiti
Nico,Muñoz
Mijat,Arão
Borja,Afif
Noni,Dutra
Agustín,Kyereh
Matt,Hysaj
Michy,Verbruggen
Viktor,Garro
Marcelo,Xhaka
Eljif,Knauff
Cristian,Can
Keito,Sanusi
Luis,Arambarri
Toni,Hložek
Aaron,James
Tijjani,Frutos
Jordi,Schär
Enzo,Hjulmand
Nick,Lallana
Josip,Reed
Viktor,Bülter
Hugo,Herrera
Juan,Ávila
Guilson,Pabón
Milan,Adarabioyo
Ivan,Tello
Donyell,Bennacer
Erling,Nmecha
Sekou,Niakhaté
Antonio,Budimir
Martin,Nicolaisen
Frenkie,Maksimović
Anastasios,Politano
Dejan,Jesus
Raheem,Bayındır
Ademola,De la Vega
Mohammed,Haïdara
Geoffrey,Chiamulera
Igor,Groß
Renato,Beltrán
Gianluca,Fonte
Stephy,Martinelli
Naby,Iglesias
Marco,Mantalos
Sebastián,Camara
Nélson,Nzola
Michail,Trippier
Robin,Fassnacht
Benjamin,Savić
Rubem,Armani
Nuno,Trubin
Jeffrey,Malacia
Arturo,Valverde
Alistair,Teze
Eric,Lerma
Adrien,Frattesi
Nicolò,Faravelli
Takehiro,Vázquez
Willi,Vecino
Gabriel,Oblak
Lucas,Castrovilli
Nailton,Cancelo
Alexandre,Santos Borré
Dani,Billing
Manuel,Ginter
Antonio,García
Matheus,Dumfries
Armando,Rodríguez
Wladimiro,Alderete
Joe,Wind
Facundo,Dupé
Ben,Moffi
Nicolás,El Shaarawy
Terem,Robinson
Sead,Ronaldo
Massadio,José
Robert,Andersen
Iago,Laborde
Heorhii,Sensi
Andrej,Szymański
Laure,Batalla
David,Dewsbury-Hall
Breel,Gomes
Cris,Grujić
Jason,Gibbs-White
Christopher,Tofico
Nico,Damsgaard
Jérôme,Ben Yedder
Chris,Buyalskyi
Andries,Živković
Danilo,D'Ambrosio
Lukas,Mangala
Danilo,Diallo
Jonatão,Mvogo
Allan,Gueye
Benjamin,Gauld
Harry,Sané
Benoît,Tousart
Ritsu,Iwobi
Max,Baba
Marko,Comesaña
Rafael,Carrillo
Franco,Bardakçı
Levi,Skorupski
Jacob,Scamacca
Taras,Álvarez
Curtis,Knoche
Nabil,Di Lorenzo
Abderrazak,Matviienko
Álvaro,Zimmerman
Olivier,Pellegrini
Lautaro,Caicedo
Tommaso,Gatti
Pablo,Moreno
Antonee,Dier
Raphaël,Young
Alberto,Wass
Aleix,Šeško
Ivan,Kamara
Marcus,Praz
Mark,Horta
Filip,Zinchenko
Roberto,Fernández
Thomas,Noppert
Max,Mané
Noa,McKennie
Jairzinho,Costa
Predrag,Dunk
Robin,Weissman
Hidemasa,Grealish
Gerard,Fornals
Romain,Itakura
Andreas,Blake
Pablo,Mudryk
William,Ito
Artem,Trigo
Uğurcan,Retegui
Marash,Redmond
Rodrigo,Stanciu
Andreas,Tapia
Weston,Mei
Duje,Relvas
Deiver,Coman
Alfonso,Tielemans
Ondřej,Kjær
Kosuke,Amrabat
Jean,Gazzaniga
Marcos,Pope
Martin,Kruse
Manu,Solari
İlkay,Brekalo
Santiago,Wilson
Marco,McNeil
Youssef,Ramsey
Sofiane,Henrique
Harvey,Brooks
Vitaly,Gordon
Baptiste,Brignoli
Aaron,Hrošovský
Julian,Loftus-Cheek
Răzvan,Prömel
Álvaro,Ndayishimiye
Paulo,Maripán
Álex,Baldanzi
Pascal,Güler
Alexander,Belotti
Jonas,Bueno
Lars,Martínez
Neymar,Coco
Victor,Vieira
John,Çalhanoğlu
Samuel,Djaló
Shon,Wieffer
Sofiane,Fati
Fábio,Tavernier
Thiago,Fernandes
Ai,Davide Faraoni
Antoine,Neves
Arthur,Caputo
Lisandro,Fulgini
Karl,Dourado
Serhou,Dembélé
Nadiem,Marin
Christian,Söyüncü
Marco,Elliott
Leonardo,Salisu
Joshua,Gomes
Saïd,Mechele
Arkadiusz,Ekitike
Robin,Diakhaby
Péter,Tete
Diogo,Pavard
Jonathan,Coíntra
Pierre-Emile,Zieliński
Giovanni,Patrício
Lucas,Grifo
Josué,Ochoa
Łukasz,Provedel
Darwin,Goretzka
Saúl,Rensch
Maximilian,Höfler
Gerónimo,Cömert
Frank,Turner
Nicolás,Robertson
Anton,Duarte
Carlos,Navas
Rodrigo,Moukoko
Joey,Haaland
Tommaso,Nørgaard
Milos,O'Riley
Giorgio,Laurienté
Sikou,Udogie
Rafał,Wöber
Lucas,Inálcio
Lionel,García
Amadou,Sánchez
Milton,Mkhitaryan
Konstantinos,Masuaku
Michael,Mbappé
Mattia,Munetsi
Luis,Ivanušec
Kylian,Montipò
Branco,Dibusz
Dominik,María Giménez
Gabriel,Milner
Kyle,Carrasco
Sergi,Trossard
Bruno,Berardi
Érick,Valoyes
Nahuel,Militão
Kevin,Forster
Danny,Edwards
Federico,Llorente
Giovanni,Kvaratskhelia
Samuele,Svanberg
Conor,Raum
Leander,Kamiński
Paul,García
Sven,Laïdouni
Moussa,Elmas
Elseid,Karlsson
Lukáš,Zambo Anguissa
Achraf,Reyes
Ludovic,Guillamón
Nathan,Chust
Marius,Lamptey
Manuel,Kossounou
Stephen,Mitoma
Alexis,Vardy
Cristhian,van Ewijk
Gonzalo,Mandragora
Karim,Adli
Patson,Akanji
Luiz,Messias
Cristian,Mina
Seko,Nelsson
Martin,Çelik
Dominik,Aktürkoğlu
Akram,Rossi
Presnel,Kimmich
Memphis,Horta
Adrià,Santeiro
Ezequiel,Gray
Simon,Pires
Warmed,Bentancur
Thilo,Alderweireld
Jamal,García
Kai,Sanson
Nordin,Havertz
Jesus,Kostić
Samuel,Butez
Rick,Tomiyasu
Hakan,Vidal
Jordan,Bisesi
Thomas,Diouf
Gastón,Sottil
Esequiel,Szalai
Lucas,Azmoun
Hans,Remiro
Ruben,Lang
Luis,Kesen
Armand,Kuchta
Cheick,Zampedri
Danilho,Ndombele
Adnan,Abraham
Augusto,Gradit
Marvin,Depay
Sébastien,Gueye
Gabriel,Aboukhlal
Lorenzo,Barco
Robin,Kondogbia
Ruslan,Chilwell
Bruno,Lejeune
Manuel,Veltman
Malcom,Lukaku
João,Zapata
Toni,Eriksen
Óscar,Bizot
Amine,Pogba
Adam,Hrádecký
Maikel,Hofmann
Theo,Calvert-Lewin
Marco,Meslier
Attila,Adeyemi
Omar,Halstenberg
Fayçal,Thiaw
Davinson,Lino
Niklas,Kohr
Toby,Sommer
Nicolas,Ogbu
Andrés,Santos
Magomed,Koundé
Andrija,Carter-Vickers
Conor,Navarro
Adam,Leão
Fikayo,En-Nesyri
Lorenzo,Sánchez
Pepe,Strefezza
Jasper,Hübers
Paulo,Montes
Javi,Podence
Kevin,Silva
Lukáš,Kovačić
Merih,Beyer
Yerry,Kent
Gijs,Barella
Marcos,Velasco
Abel,Martins
Javier,Kubo
Joakim,Cullen
James,Openda
Andrea,Victor
Kevin,Lazović
David,Lees-Melou
Alan,Mamardashvili
Maximilian,Trigueros
Ousmane,Bardeira
Serge,Khedira
Johan,Morita
Pedro,Barák
Nicolas,Aguilar
Emiliano,Blind
Eric,Camello
Sverrir,Casteels
Gonçalo,Trejo
Diego,Marí
Helton,Klaassen
Leandro,Krejčí
Konstantinos,Molina
Ashley,Stepanenko
Danilo,de Ligt
Alex,Scalvini
James,Frimpong
Jonas,Cabral
Fran,Emmanuel Orban
Gregor,Jota
Simão,Rakitić
Emre,Zentner
Yunis,Ünal
Fernando,Dorsch
Riccardo,Coady
Kevin,Flips
Enes,Petagna
Tony,Boufal
Paulo,Mário
Kyle,Christensen
Marvin,Alberto
Fabiano,Saïss
Gabriel,Reyna
Matthijs,Matusiwa
Jawad,Hitz
Alex,Dimarco
Christian,Ruiz
Boubacar,Sanches
Eray,de Vrij
André,Leno
Tiago,Olivera
Santi,Esteiro
Luka,Baena
Dorlan,Pérez
Taiwo,Beltrán
Suat,Seijalbo
Rolando,Nmecha
Pervis,Armão
Sergio,Grbić
Birger,Verratti
Mats,Senesi
Justin,Pérez
Rasmus,Diakité
Ronaldo,De Arruabarrena
Mattias,Ilić
Luka,Jakić
Guillermo,Cresswell
Nemanja,Ljubičić
Willian,Ruiz
Marshall,Veerman
Idrissa,Dalot
Héniton,Smal
Gaetano,Jović
Domenico,Balerdi
Sebastiaan,Lukić
Vincent,Cornet
Vitaliy,Mount
Israel,Doku
Aurélien,Dybala
Stefan,Ducksch
Milan,Meling
Rayan,Orsolini
Philipp,Honorat
Nikola,Andrich
Dayot,Le Fée
Gaëtan,Hien
Ludwig,Kamada
Josh,Wirtz
Abdou,Boupendza
Fraser,Nwakaeme
Davide,Pineda
Pierluigi,Capoue
Bafodé,Dina Ebimbe
Kodjo,Ángel Merentiel
Anthony,Diomande
Andre,Conan Ledesma
Yassine,Tenaglia
Arthur,Hazard
Rúben,Foyth
Lee,Gigot
Dakonam,Kluivert
Marwin,Keïta
Mason,Chevalier
Jakub,Lindstrøm
Alessandro,Paiva
Abdoulaye,Cillessen
Virgil,Dahoud
David,Espino
Emile,Mancini
James,Mitchell
Andrea,Vicario
Joaquín,Henrichs
Martín,Janssen
Arnaud,Mir
Franco,Awoniyi
Stefano,Zorgane
Enzo,Alba
Marcos,Osimhen
Keylor,Lemina
Jack,Leite
Trevoh,Konan
Federico,Agbadou
Unai,Barcola
Iván,Buongiorno
Alexis,De Bruyne
Vincenzo,Tah
Adilson,Lobotka
Paulo,Djené
Fran,Williams
Sam,Malen
Bart,Mário
Diogo,Haidara
Yukinari,Ferreira
Ferdi,Nielsen
Ivan,Pavlović
Mykola,Barreiro Martins
Daniel-Kofi,Torró
Jeremie,Maxim Choupo-Moting
Sergiño,Okafor
Alex,Schwäbe
Dani,Pérez
Mehdi,Rulli
João,Henry
João,Ikoné
Azzedine,Shaw
Andeson,Targett
Ruiz,Tait
Marcel,Gyökeres
Lucas,Mendy
Caio,Chiesa
Thijs,Vázquez
Jonathan,Guardado
Alphonso,Ozdoev
Oumar,Díaz
Gustavo,Martínez
Andreas,Čvančara
Dodi,Sandro
Cristian,Marchesín
Salem,Mantela
Rodrigo,Gakpo
Takefusa,St. Juste
Hugo,Koita
Mauro,Herrera
Walker,Benrahma
Daley,Sudakov
Janis,Ćaleta-Car
Wilfried,Almirón
Brandon,Rui
Demarai,Bakambu
Vanja,Javier Suárez
Rade,Dmitrović
Pedro,Harrison
Charles,Brobbey
Vítor,Torreira
Kevin,Milinković-Savić
Bukayo,Aït-Nouri
Iñigo,Correa
Bradley,Balliu
Santiago,Driussi
Arnau,Núñez
Fábio,Mata
Fabián,Romero
Domingos,Král
Youssouf,Shaparenko
Lucas,Kouamé
Aitor,Sallai
Christian,Alvarado
Bernardo,Catarino
Riyad,Meunier
Deniz,Oliveira
Orbelín,Kimpembe
Duván,Koch
Reece,Kroos
Gabriel,Dia
Michael,Torres
Johan,Posch
Musa,Onana
Yaroslav,Skov Olsen
Joachim,Lemar
Youri,Januzaj
Craig,Hermoso
Sean,Černý
Rubén,Saponara
Sidney,Simón
Lucas,Bakayoko
Nicolás,Correia
Edin,Fernandes
Raúl,Bernardeschi
David,Brandt
Daichi,Griezmann
Carlos,Núñez
Brian,Rebić
Saša,García
Kingsley,Livaja
Guido,Laporte
Vangelis,Niakaté
Castello,Diallo
Daniel,Gnabry
Cristian,Min Son
Rui,Lingr
Rico,Cuypers
Mouctar,Courtois
Timo,García
Víctor,Haller
Welington,Talisca
Stefan,Smalling
Dejan,Filhei
Issa,Di María
Rubén,Maximiano
Jan,Blaswich
Bryan,Demiral
Albertinho,Jabim
Jordan,Garnacho
Jonas,Gazdag
Alexis,Lukeba
Jeremías,Holeš
Loïs,Lecomte
Mathew,Paulo
Pere,Rüdiger
Mateo,Romagnoli
Harvey,Cabrais
Ozan,Berisha
Luis,Yannick Kessié
Raúl,Berghuis
Facundo,Bornauw
Nicolò,Sarabia
Igoh,Calabria
Diego,Cachoira
Anthony,Badiashile
Federico,Skhiri
Enzo,Max
Patrik,Rashford
Abdülkerim,Royal
Oleksandr,Banza
Benjamin,Meret
Arda,Hickey
César,Ramírez
Daniel,Taylor
Eduardo,Ferri
Maxime,Schmeichel
Yannick,Gómez
Kenneth,Pessina
Hicham,Webster
Davy,Skipp
Karim,Jones
Jeremiah,Bellerín
Thibaut,Nakamura
Ciro,Undav
Anthony,Rodríguez
Dominic,Kean
Brennan,Kalajdžić
Alexandru,Vlašić
Nicolas,Firmino
Moussa,Solomon
Koen,Truffert
Guglielmo,Brozović
Tariq,Partey
Enzo,Bourigeaud
Anderson,Wagner
Marco,Werner
Rafael,Spierings
Evan,Saelemaekers
Craig,Javier De Paul
Pedro,Benzema
Josip,García
Omar,Kainz
Franck,Lopes
Julián,Giménez
Romain,Martínez Quarta
Serge,Ingi Ingason
Soufiane,Seiwald
Moisés,Faria
Mergim,Özcan
Ángel,Sosa
Heung,Ryerson
Darko,Olise
Ismaël,Dias
Yehvann,Guéhi
Wout,Batshuayi
Thomas,Szoboszlai
Junior,Caqueret
Wilfried,Schlotterbeck
Gerson,Boscagli
Isi,Figal
Bernd,Jaime
Jack,Milik
Manor,Sinisterra
Eric,Doig
Jordan,Collins
Eric,Messi
Gianluca,Solet
Sérgio,Bijol
Enzo,Radonjić
Sebastian,Neto
Ante,Trimmel
Diogo,Cristante
Luis,Santamaria
Willy,De Cordova-Reid
Mauro,Adams
Kai,Costa
Mike,Araujo
Yannick,Gikiewicz
Aïssa,Serdar
Riccardo,Draxler
Jadon,Masip
Cédric,Anderson
Wout,Doucouré
Ko,De Ketelaere
Cody,Saka
Randal,Ounahi
Paulo,Abergel
Rafael,Koulibaly
Daniel,Laporte
Remo,Gastien
Héctor,Plea
Dominik,Gil
Josip,Ševčík
Federico,Hee Chan
Exequiel,Diop
Boulaye,Faivre
Jadsinho,Loiodice
Wojciech,Hezze
N'Golo,Ings
Ahmed,Bijlow
Mats,González Pirez
Alban,Stindl
Umar,Tomori
Denzel,Højlund
Luke,Bastoni
Benjamin,Theate
Marc-André,Busquets
Yann,Sugawara
Mohamed,Estupiñán
Saša,Henrique
Miroslav,Ogbonna
Ryan,Caci
Matthias,Cardoso
Christoph,Zonta
Kim,Botman
Aïssa,Borini
Riccardo,Suzuki
André,Coufal
Georgiy,Gameiro
Marko,Felipe
Grischa,Svensson
Jindřich,Romo
Stijn,Freuler
Callum,Lacazette
Tyrick,Albiol
Javi,Samba
Zakaria,Curbelo
Kristijan,Mavropanos
Alberto,Goodwin
Diego,Varane
Germán,Gollini
Fabio,Rakitskyi
Tomáš,Eustáquio
Murildo,Kane
Jean-Pierre,Vandevoordt
Florian,Rojo
Timo,Valles
Vini,Barrow
Houssem,Ruidíaz
Raúl,Johnstone
Emerson,Walker
Alexey,Justin
Patrik,Mandi
André,Tsimikas
Pablo,Romero
Francesco,Jiménez
Kelechi,Holding
Óscar,Rits
Ansgar,Sornoza
Michael,Vuarte
Trent,Süle
Nahuel,Claesson
Rúben,Dúbravka
Djibril,Doucouré
Wagner,Domínguez
Mateo,Wolf
Fran,Medina
De,Højbjerg
Ivo,Matić
Aaron,Mbeumo
Rachid,Tchouaméni
Henrikh,Zaha
Jiří,Flekken
Dávid,Arnold
Benjamin,Gulácsi
Loïc,Kalimuendo
Matt,Mazraoui
Anthony,Fekir
Chuba,Mæhle
Wataru,Locatelli
João,Traoré
Youssouf,Foden
Juan,Ryan
Phil,Reijnders
Luis,Reina
Yoane,Semedo
Alphonse,Mahrez
Adrien,Jr
Ricardo,Trapp
Renato,Škriniar
Adam,Iheanacho
Sebastián,Oliván
Dénes,Kalvach
Alessio,Alaba
Bryan,Ojeda
Nicolò,Antonio
Berat,Lukébakio
Stefan,Edrada
Pape,Moreno
Morten,Rodríguez
Jan,Jae Sung
Rui,Widmer
Jordy,Laimer
Angel,Chissano
Ángel,Nsame
Owen,Hernández
Lúcio,Parisi
Bobby,Riemann
Andrew,Kumbulla
Laurent,Juranović
Sadio,Gvardiol
Ferland,Stach
Rasmus,Aurier
Mikkel,Pessinho
Danny,Onisiwo
Petr,Musiala
Mikel,Ünder
Nuno,Schick
Marcos,Castagne
Lorenzo,Kabak
Matteo,Mykolenko
Mário,Paintsil
Dániel,Krunić
Steven,Kramer
Rodrigo,Szczęsny
Rodrigo,Merino
Ghislain,Upamecano
Steven,Kang In
Amadou,Hegazi
Bryan,Maddison
Salih,Júnior
Dwight,Babić
Maxime,Zaniolo
Diogo,Miranchuk
Federico,Gomes
Marko,Hernández
Mykhailo,Júnior
Donny,Al Dawsari
Pierre,Valentín
Guillermo,Dest
Illan,Almeida
Thierry,Carlos
Stephan,Mac Allister
Kouadio,Machado
Sheraldo,Hancko
M'Bala,Gerhardt
Matt,Milla
Ismaïla,Bamba
Ben,Aníbão
Alejandro,Koopmeiners
Éder,Zerrouki
Václav,Donnarumma
Emmanuel,Zaccagni
Tomáš,Janelt
Matteo,de Jong
James,Sabrão
Jacob,Diaby
Ladislav,Guerreiro
Gift,Crespo
Simon,Lenglet
Jesper,Montero
Leandro,Caprari
Flavien,Drągowski
Rosival,Olmo
Malick,Neres
Adrien,Zuber
Sergej,Martínez
Miguel,Fofana
Nemanja,Hernández
Salis,Dano
Sardar,Tormena
Milot,van Aanholt
Pau,Silva
Bryan,Llorente
Florian,Maignan
Junior,Kilman
Leon,Barnes
Bartłomiej,Rico
Mattia,Sarr
Martin,Endo
Kieran,Blas
Angelo,Rashica
Mathías,Sow
Jamie,Daka
Ousmane,Dallinga
Nico,Cunha
Morgan,Kökçü
Altay,Roussillon
Raphaël,Asensio
Franco,Escalante
Callum,Zalewski
Junior,Sportiello
Rodrigo,Mojica
Hirving,Clasie
Benjamín,Lovren
David,Torres
Fabian,Aké
Morgan,Maffeo
Yvon,Aouar
Niklas,White
Aaron,Darder
Jules,Santos
Nathan,Silva
Jesper,Rosier
Lucas,Stevanović
Casper,Gonçalves
Yangel,Willock
Marco,Rabiot
Nicolás,Ward-Prowse
Alassane,Ndicka
Moussa,Rice
Federico,Pezzella
Brice,Davies
Orel,Becão
Aníbal,Aníbal
Hugo,Gusto
Lucas,Boly
Lee,Pavlidis
Jordan,Vítor
James,De la Cruz
Tosin,Díaz
Heberto,Bushchan
Santiago,Pérez
Wissam,Peres
Kasper,Paredes
Unai,Johnson
Édouard,Gaćinović
Antonín,Lacroix
Viktor,Guimarães
Oliver,Lozano
Kiernan,Correa
Alessandro,Rajković
Julien,Lewandowski
