linearWeight,quadraticWeight,minChance,maxChance,scale,midpoint,avgTotalGoals,closeGameDrawRate,homeDominantConversion,goalDelta,closeDrawDelta,dominantDelta,targetScore
30,70,1,37,36,19.00,7.309,0.1640,0.6883,0.041,0.0640,0.0117,0.0445
35,65,1,37,36,19.00,7.342,0.1645,0.6816,0.008,0.0645,0.0184,0.0456
40,60,1,37,36,19.00,7.373,0.1641,0.6753,0.023,0.0641,0.0247,0.0483
45,55,1,37,36,19.00,7.341,0.1650,0.6703,0.009,0.0650,0.0297,0.0499
50,50,1,37,36,19.00,7.389,0.1650,0.6659,0.039,0.0650,0.0341,0.0529
30,70,3,35,32,19.00,7.389,0.1651,0.6636,0.039,0.0651,0.0364,0.0537
55,45,1,37,36,19.00,7.358,0.1651,0.6573,0.008,0.0651,0.0427,0.0544
35,65,3,35,32,19.00,7.389,0.1650,0.6608,0.039,0.0650,0.0392,0.0547
40,60,3,35,32,19.00,7.358,0.1639,0.6489,0.008,0.0639,0.0511,0.0566
60,40,1,37,36,19.00,7.373,0.1644,0.6521,0.023,0.0644,0.0479,0.0566
30,70,0,40,40,20.00,7.773,0.1565,0.7072,0.423,0.0565,0.0072,0.0576
65,35,1,37,36,19.00,7.357,0.1637,0.6457,0.007,0.0637,0.0543,0.0576
45,55,3,35,32,19.00,7.357,0.1637,0.6457,0.007,0.0637,0.0543,0.0576
35,65,0,40,40,20.00,7.822,0.1568,0.7001,0.472,0.0568,0.0001,0.0577
30,70,2,38,36,20.00,7.709,0.1579,0.6842,0.359,0.0579,0.0158,0.0582
45,55,0,40,40,20.00,7.758,0.1570,0.6874,0.408,0.0570,0.0126,0.0590
40,60,0,40,40,20.00,7.822,0.1567,0.6932,0.472,0.0567,0.0068,0.0600
50,50,0,40,40,20.00,7.772,0.1563,0.6825,0.422,0.0563,0.0175,0.0610
70,30,1,37,36,19.00,7.372,0.1636,0.6378,0.022,0.0636,0.0622,0.0611
35,65,2,38,36,20.00,7.740,0.1577,0.6786,0.390,0.0577,0.0214,0.0616
50,50,3,35,32,19.00,7.404,0.1635,0.6393,0.054,0.0635,0.0607,0.0621
55,45,0,40,40,20.00,7.756,0.1567,0.6762,0.406,0.0567,0.0238,0.0627
60,40,0,40,40,20.00,7.740,0.1565,0.6723,0.390,0.0565,0.0277,0.0631
55,45,3,35,32,19.00,7.404,0.1636,0.6346,0.054,0.0636,0.0654,0.0638
35,65,5,33,28,19.00,7.404,0.1636,0.6346,0.054,0.0636,0.0654,0.0638
30,70,5,33,28,19.00,7.404,0.1636,0.6346,0.054,0.0636,0.0654,0.0638
60,40,3,35,32,19.00,7.372,0.1644,0.6311,0.022,0.0644,0.0689,0.0639
45,55,2,38,36,20.00,7.741,0.1561,0.6670,0.391,0.0561,0.0330,0.0647
40,60,2,38,36,20.00,7.772,0.1565,0.6716,0.422,0.0565,0.0284,0.0649
30,70,0,36,36,18.00,6.906,0.1671,0.6916,0.444,0.0671,0.0084,0.0654
75,25,1,37,36,19.00,7.388,0.1647,0.6293,0.038,0.0647,0.0707,0.0655
35,65,0,36,36,18.00,6.939,0.1670,0.6855,0.411,0.0670,0.0145,0.0659
65,35,3,35,32,19.00,7.341,0.1653,0.6239,0.009,0.0653,0.0761,0.0663
40,60,0,36,36,18.00,6.971,0.1668,0.6777,0.379,0.0668,0.0223,0.0668
40,60,5,33,28,19.00,7.405,0.1636,0.6245,0.055,0.0636,0.0755,0.0673
65,35,0,40,40,20.00,7.773,0.1567,0.6634,0.423,0.0567,0.0366,0.0680
45,55,5,33,28,19.00,7.373,0.1640,0.6173,0.023,0.0640,0.0827,0.0685
50,50,2,38,36,20.00,7.790,0.1568,0.6627,0.440,0.0568,0.0373,0.0692
50,50,0,36,36,18.00,6.986,0.1670,0.6686,0.364,0.0670,0.0314,0.0694
45,55,0,36,36,18.00,6.938,0.1667,0.6725,0.412,0.0667,0.0275,0.0702
30,70,4,36,32,20.00,7.789,0.1571,0.6596,0.439,0.0571,0.0404,0.0704
75,25,3,35,32,19.00,7.373,0.1647,0.6115,0.023,0.0647,0.0885,0.0710
70,30,3,35,32,19.00,7.373,0.1647,0.6115,0.023,0.0647,0.0885,0.0710
55,45,5,33,28,19.00,7.373,0.1647,0.6115,0.023,0.0647,0.0885,0.0710
50,50,5,33,28,19.00,7.373,0.1647,0.6115,0.023,0.0647,0.0885,0.0710
30,70,2,34,32,18.00,6.986,0.1676,0.6649,0.364,0.0676,0.0351,0.0711
70,30,0,40,40,20.00,7.790,0.1573,0.6577,0.440,0.0573,0.0423,0.0712
35,65,4,36,32,20.00,7.790,0.1573,0.6577,0.440,0.0573,0.0423,0.0712
55,45,2,38,36,20.00,7.758,0.1583,0.6539,0.408,0.0583,0.0461,0.0716
35,65,2,34,32,18.00,6.986,0.1675,0.6626,0.364,0.0675,0.0374,0.0718
60,40,2,38,36,20.00,7.774,0.1572,0.6495,0.424,0.0572,0.0505,0.0732
60,40,5,33,28,19.00,7.373,0.1642,0.6037,0.023,0.0642,0.0963,0.0734
75,25,0,40,40,20.00,7.790,0.1572,0.6509,0.440,0.0572,0.0491,0.0736
40,60,4,36,32,20.00,7.758,0.1574,0.6465,0.408,0.0574,0.0535,0.0736
30,70,1,41,40,21.00,8.174,0.1539,0.7039,0.824,0.0539,0.0039,0.0749
65,35,2,38,36,20.00,7.758,0.1578,0.6428,0.408,0.0578,0.0572,0.0751
45,55,4,36,32,20.00,7.758,0.1578,0.6428,0.408,0.0578,0.0572,0.0751
65,35,5,33,28,19.00,7.356,0.1644,0.5957,0.006,0.0644,0.1043,0.0754
55,45,0,36,36,18.00,6.954,0.1689,0.6589,0.396,0.0689,0.0411,0.0755
60,40,0,36,36,18.00,6.971,0.1683,0.6531,0.379,0.0683,0.0469,0.0763
35,65,1,41,40,21.00,8.222,0.1539,0.6984,0.872,0.0539,0.0016,0.0765
30,70,3,39,36,21.00,8.110,0.1539,0.6819,0.760,0.0539,0.0181,0.0767
40,60,2,34,32,18.00,6.955,0.1684,0.6512,0.395,0.0684,0.0488,0.0779
45,55,1,41,40,21.00,8.158,0.1537,0.6845,0.808,0.0537,0.0155,0.0780
70,30,2,38,36,20.00,7.774,0.1579,0.6348,0.424,0.0579,0.0652,0.0788
50,50,2,34,32,18.00,7.005,0.1681,0.6411,0.345,0.0681,0.0589,0.0788
50,50,4,36,32,20.00,7.806,0.1571,0.6363,0.456,0.0571,0.0637,0.0793
40,60,1,41,40,21.00,8.223,0.1544,0.6911,0.873,0.0544,0.0089,0.0794
65,35,0,36,36,18.00,6.956,0.1691,0.6472,0.394,0.0691,0.0528,0.0797
45,55,2,34,32,18.00,6.956,0.1691,0.6472,0.394,0.0691,0.0528,0.0797
60,40,4,36,32,20.00,7.774,0.1569,0.6289,0.424,0.0569,0.0711,0.0802
55,45,2,34,32,18.00,7.004,0.1684,0.6368,0.346,0.0684,0.0632,0.0804
35,65,4,32,28,18.00,7.004,0.1684,0.6368,0.346,0.0684,0.0632,0.0804
30,70,4,32,28,18.00,7.004,0.1684,0.6368,0.346,0.0684,0.0632,0.0804
50,50,1,41,40,21.00,8.174,0.1531,0.6788,0.824,0.0531,0.0212,0.0805
35,65,3,39,36,21.00,8.142,0.1541,0.6757,0.792,0.0541,0.0243,0.0805
70,30,5,33,28,19.00,7.405,0.1643,0.5875,0.055,0.0643,0.1125,0.0807
55,45,4,36,32,20.00,7.805,0.1572,0.6318,0.455,0.0572,0.0682,0.0809
35,65,6,34,28,20.00,7.805,0.1572,0.6318,0.455,0.0572,0.0682,0.0809
30,70,6,34,28,20.00,7.805,0.1572,0.6318,0.455,0.0572,0.0682,0.0809
75,25,2,38,36,20.00,7.790,0.1563,0.6270,0.440,0.0563,0.0730,0.0813
70,30,0,36,36,18.00,6.971,0.1687,0.6397,0.379,0.0687,0.0603,0.0813
55,45,1,41,40,21.00,8.158,0.1527,0.6725,0.808,0.0527,0.0275,0.0816
65,35,4,36,32,20.00,7.742,0.1573,0.6207,0.392,0.0573,0.0793,0.0817
75,25,5,33,28,19.00,7.406,0.1635,0.5829,0.056,0.0635,0.1171,0.0819
60,40,1,41,40,21.00,8.142,0.1533,0.6693,0.792,0.0533,0.0307,0.0823
75,25,0,36,36,18.00,6.989,0.1690,0.6320,0.361,0.0690,0.0680,0.0833
60,40,2,34,32,18.00,6.973,0.1690,0.6336,0.377,0.0690,0.0664,0.0835
40,60,6,34,28,20.00,7.806,0.1561,0.6222,0.456,0.0561,0.0778,0.0837
40,60,3,39,36,21.00,8.174,0.1529,0.6685,0.824,0.0529,0.0315,0.0840
45,55,3,39,36,21.00,8.142,0.1532,0.6641,0.792,0.0532,0.0359,0.0841
40,60,4,32,28,18.00,7.004,0.1684,0.6259,0.346,0.0684,0.0741,0.0843
45,55,6,34,28,20.00,7.774,0.1568,0.6154,0.424,0.0568,0.0846,0.0849
65,35,1,41,40,21.00,8.174,0.1524,0.6604,0.824,0.0524,0.0396,0.0865
75,25,4,36,32,20.00,7.774,0.1572,0.6090,0.424,0.0572,0.0910,0.0874
70,30,4,36,32,20.00,7.774,0.1572,0.6090,0.424,0.0572,0.0910,0.0874
55,45,6,34,28,20.00,7.774,0.1572,0.6090,0.424,0.0572,0.0910,0.0874
50,50,6,34,28,20.00,7.774,0.1572,0.6090,0.424,0.0572,0.0910,0.0874
65,35,2,34,32,18.00,6.941,0.1690,0.6260,0.409,0.0690,0.0740,0.0877
50,50,3,39,36,21.00,8.190,0.1528,0.6597,0.840,0.0528,0.0403,0.0878
30,70,8,32,24,20.00,7.759,0.1575,0.6060,0.409,0.0575,0.0940,0.0878
45,55,4,32,28,18.00,6.973,0.1688,0.6198,0.377,0.0688,0.0802,0.0882
30,70,5,37,32,21.00,8.190,0.1526,0.6570,0.840,0.0526,0.0430,0.0886
35,65,8,32,24,20.00,7.758,0.1573,0.6027,0.408,0.0573,0.0973,0.0888
70,30,1,41,40,21.00,8.190,0.1533,0.6548,0.840,0.0533,0.0452,0.0898
35,65,5,37,32,21.00,8.190,0.1533,0.6548,0.840,0.0533,0.0452,0.0898
55,45,3,39,36,21.00,8.157,0.1538,0.6510,0.807,0.0538,0.0490,0.0898
60,40,6,34,28,20.00,7.773,0.1573,0.6010,0.423,0.0573,0.0990,0.0902
75,25,2,34,32,18.00,6.973,0.1687,0.6140,0.377,0.0687,0.0860,0.0902
70,30,2,34,32,18.00,6.973,0.1687,0.6140,0.377,0.0687,0.0860,0.0902
55,45,4,32,28,18.00,6.973,0.1687,0.6140,0.377,0.0687,0.0860,0.0902
50,50,4,32,28,18.00,6.973,0.1687,0.6140,0.377,0.0687,0.0860,0.0902
45,55,0,44,44,22.00,8.527,0.1499,0.7059,1.177,0.0499,0.0059,0.0908
65,35,6,34,28,20.00,7.758,0.1568,0.5948,0.408,0.0568,0.1052,0.0913
30,70,2,42,40,22.00,8.576,0.1492,0.7017,1.226,0.0492,0.0017,0.0914
60,40,3,39,36,21.00,8.174,0.1533,0.6459,0.824,0.0533,0.0541,0.0921
30,70,6,30,24,18.00,6.957,0.1688,0.6108,0.393,0.0688,0.0892,0.0922
75,25,1,41,40,21.00,8.189,0.1532,0.6474,0.839,0.0532,0.0526,0.0923
40,60,5,37,32,21.00,8.159,0.1538,0.6440,0.809,0.0538,0.0560,0.0923
30,70,1,33,32,17.00,6.587,0.1724,0.6695,0.763,0.0724,0.0305,0.0923
50,50,0,44,44,22.00,8.608,0.1494,0.6990,1.258,0.0494,0.0010,0.0929
35,65,1,33,32,17.00,6.588,0.1722,0.6673,0.762,0.0722,0.0327,0.0929
65,35,3,39,36,21.00,8.158,0.1537,0.6400,0.808,0.0537,0.0600,0.0936
45,55,5,37,32,21.00,8.158,0.1537,0.6400,0.808,0.0537,0.0600,0.0936
60,40,4,32,28,18.00,6.973,0.1694,0.6053,0.377,0.0694,0.0947,0.0936
35,65,6,30,24,18.00,6.957,0.1693,0.6072,0.393,0.0693,0.0928,0.0937
40,60,0,44,44,22.00,8.558,0.1507,0.7090,1.208,0.0507,0.0090,0.0940
35,65,2,42,40,22.00,8.623,0.1498,0.6957,1.273,0.0498,0.0043,0.0950
60,40,0,44,44,22.00,8.543,0.1505,0.6856,1.193,0.0505,0.0144,0.0950
55,45,0,44,44,22.00,8.575,0.1504,0.6878,1.225,0.0504,0.0122,0.0957
70,30,6,34,28,20.00,7.806,0.1566,0.5869,0.456,0.0566,0.1131,0.0964
45,55,8,32,24,20.00,7.806,0.1566,0.5869,0.456,0.0566,0.1131,0.0964
40,60,8,32,24,20.00,7.806,0.1566,0.5869,0.456,0.0566,0.1131,0.0964
30,70,4,40,36,22.00,8.511,0.1514,0.6784,1.161,0.0514,0.0216,0.0965
35,65,0,44,44,22.00,8.527,0.1517,0.7189,1.177,0.0517,0.0189,0.0965
65,35,0,44,44,22.00,8.495,0.1519,0.6764,1.145,0.0519,0.0236,0.0967
70,30,3,39,36,21.00,8.174,0.1533,0.6323,0.824,0.0533,0.0677,0.0969
45,55,2,42,40,22.00,8.559,0.1503,0.6815,1.209,0.0503,0.0185,0.0971
65,35,4,32,28,18.00,6.957,0.1698,0.5981,0.393,0.0698,0.1019,0.0972
40,60,2,42,40,22.00,8.623,0.1492,0.6883,1.273,0.0492,0.0117,0.0973
70,30,4,32,28,18.00,7.005,0.1694,0.5895,0.345,0.0694,0.1105,0.0976
45,55,6,30,24,18.00,7.005,0.1694,0.5895,0.345,0.0694,0.1105,0.0976
40,60,6,30,24,18.00,7.005,0.1694,0.5895,0.345,0.0694,0.1105,0.0976
50,50,6,30,24,18.00,7.021,0.1690,0.5861,0.329,0.0690,0.1139,0.0977
50,50,5,37,32,21.00,8.206,0.1532,0.6336,0.856,0.0532,0.0664,0.0980
55,45,8,32,24,20.00,7.791,0.1577,0.5813,0.441,0.0577,0.1187,0.0982
50,50,8,32,24,20.00,7.822,0.1570,0.5840,0.472,0.0570,0.1160,0.0984
75,25,6,34,28,20.00,7.807,0.1572,0.5820,0.457,0.0572,0.1180,0.0985
40,60,1,33,32,17.00,6.557,0.1725,0.6550,0.793,0.0725,0.0450,0.0989
30,70,0,44,44,22.00,8.543,0.1515,0.7242,1.193,0.0515,0.0242,0.0991
55,45,5,37,32,21.00,8.206,0.1528,0.6295,0.856,0.0528,0.0705,0.0992
75,25,4,32,28,18.00,7.006,0.1691,0.5844,0.344,0.0691,0.1156,0.0992
60,40,5,37,32,21.00,8.174,0.1538,0.6259,0.824,0.0538,0.0741,0.0995
60,40,8,32,24,20.00,7.807,0.1580,0.5804,0.457,0.0580,0.1196,0.0995
60,40,6,30,24,18.00,7.005,0.1687,0.5828,0.345,0.0687,0.1172,0.0995
50,50,2,42,40,22.00,8.574,0.1503,0.6763,1.224,0.0503,0.0237,0.0997
35,65,4,40,36,22.00,8.543,0.1512,0.6728,1.193,0.0512,0.0272,0.0999
65,35,5,37,32,21.00,8.142,0.1532,0.6190,0.792,0.0532,0.0810,0.0999
55,45,6,30,24,18.00,6.989,0.1695,0.5837,0.361,0.0695,0.1163,0.1004
45,55,1,33,32,17.00,6.557,0.1726,0.6509,0.793,0.0726,0.0491,0.1004
75,25,3,39,36,21.00,8.191,0.1533,0.6240,0.841,0.0533,0.0760,0.1006
50,50,1,33,32,17.00,6.605,0.1733,0.6432,0.745,0.0733,0.0568,0.1011
70,30,0,44,44,22.00,8.543,0.1518,0.6693,1.193,0.0518,0.0307,0.1014
55,45,2,42,40,22.00,8.558,0.1517,0.6701,1.208,0.0517,0.0299,0.1019
65,35,8,32,24,20.00,7.791,0.1582,0.5714,0.441,0.0582,0.1286,0.1020
75,25,0,44,44,22.00,8.559,0.1511,0.6677,1.209,0.0511,0.0323,0.1024
60,40,2,42,40,22.00,8.543,0.1521,0.6663,1.193,0.0521,0.0337,0.1027
65,35,6,30,24,18.00,6.990,0.1688,0.5743,0.360,0.0688,0.1257,0.1033
55,45,1,33,32,17.00,6.605,0.1742,0.6386,0.745,0.0742,0.0614,0.1033
35,65,3,31,28,17.00,6.605,0.1742,0.6386,0.745,0.0742,0.0614,0.1033
30,70,3,31,28,17.00,6.605,0.1742,0.6386,0.745,0.0742,0.0614,0.1033
70,30,8,32,24,20.00,7.776,0.1580,0.5627,0.426,0.0580,0.1372,0.1041
40,60,4,40,36,22.00,8.575,0.1520,0.6665,1.225,0.0520,0.0335,0.1042
45,55,4,40,36,22.00,8.543,0.1525,0.6611,1.193,0.0525,0.0389,0.1047
75,25,8,32,24,20.00,7.776,0.1582,0.5599,0.426,0.0582,0.1401,0.1052
75,25,5,37,32,21.00,8.175,0.1531,0.6075,0.825,0.0531,0.0925,0.1055
70,30,5,37,32,21.00,8.175,0.1531,0.6075,0.825,0.0531,0.0925,0.1055
60,40,1,33,32,17.00,6.572,0.1741,0.6350,0.778,0.0741,0.0650,0.1061
70,30,6,30,24,18.00,6.974,0.1689,0.5658,0.376,0.0689,0.1342,0.1072
40,60,3,31,28,17.00,6.604,0.1745,0.6280,0.746,0.0745,0.0720,0.1072
65,35,2,42,40,22.00,8.575,0.1520,0.6575,1.225,0.0520,0.0425,0.1073
75,25,6,30,24,18.00,6.972,0.1685,0.5625,0.378,0.0685,0.1375,0.1081
50,50,4,40,36,22.00,8.591,0.1520,0.6569,1.241,0.0520,0.0431,0.1084
30,70,6,38,32,22.00,8.592,0.1519,0.6540,1.242,0.0519,0.0460,0.1094
45,55,1,45,44,23.00,8.928,0.1485,0.7045,1.578,0.0485,0.0045,0.1096
55,45,4,40,36,22.00,8.560,0.1518,0.6481,1.210,0.0518,0.0519,0.1097
70,30,2,42,40,22.00,8.591,0.1514,0.6518,1.241,0.0514,0.0482,0.1098
35,65,6,38,32,22.00,8.591,0.1514,0.6518,1.241,0.0514,0.0482,0.1098
30,70,3,43,40,23.00,8.976,0.1479,0.7010,1.626,0.0479,0.0010,0.1104
65,35,1,33,32,17.00,6.540,0.1745,0.6272,0.810,0.0745,0.0728,0.1107
45,55,3,31,28,17.00,6.572,0.1746,0.6217,0.778,0.0746,0.0783,0.1111
40,60,6,38,32,22.00,8.559,0.1501,0.6405,1.209,0.0501,0.0595,0.1113
75,25,2,42,40,22.00,8.591,0.1507,0.6452,1.241,0.0507,0.0548,0.1116
60,40,4,40,36,22.00,8.575,0.1508,0.6432,1.225,0.0508,0.0568,0.1116
40,60,1,45,44,23.00,8.961,0.1481,0.7082,1.611,0.0481,0.0082,0.1122
65,35,4,40,36,22.00,8.559,0.1495,0.6369,1.209,0.0495,0.0631,0.1122
45,55,6,38,32,22.00,8.559,0.1495,0.6369,1.209,0.0495,0.0631,0.1122
50,50,1,45,44,23.00,9.008,0.1478,0.6980,1.658,0.0478,0.0020,0.1123
75,25,1,33,32,17.00,6.572,0.1745,0.6163,0.778,0.0745,0.0837,0.1129
70,30,1,33,32,17.00,6.572,0.1745,0.6163,0.778,0.0745,0.0837,0.1129
55,45,3,31,28,17.00,6.572,0.1745,0.6163,0.778,0.0745,0.0837,0.1129
50,50,3,31,28,17.00,6.572,0.1745,0.6163,0.778,0.0745,0.0837,0.1129
30,70,0,32,32,16.00,6.188,0.1756,0.6729,1.162,0.0756,0.0271,0.1129
60,40,1,45,44,23.00,8.942,0.1472,0.6849,1.592,0.0472,0.0151,0.1132
35,65,0,32,32,16.00,6.189,0.1754,0.6703,1.161,0.0754,0.0297,0.1137
55,45,1,45,44,23.00,8.974,0.1470,0.6876,1.624,0.0470,0.0124,0.1138
35,65,3,43,40,23.00,9.023,0.1479,0.6953,1.673,0.0479,0.0047,0.1141
65,35,1,45,44,23.00,8.895,0.1475,0.6758,1.545,0.0475,0.0242,0.1142
30,70,5,41,36,23.00,8.910,0.1475,0.6777,1.560,0.0475,0.0223,0.1143
35,65,1,45,44,23.00,8.928,0.1489,0.7179,1.578,0.0489,0.0179,0.1145
30,70,5,29,24,17.00,6.557,0.1746,0.6131,0.793,0.0746,0.0869,0.1148
60,40,3,31,28,17.00,6.571,0.1737,0.6081,0.779,0.0737,0.0919,0.1154
70,30,4,40,36,22.00,8.575,0.1496,0.6294,1.225,0.0496,0.0706,0.1157
35,65,5,29,24,17.00,6.556,0.1743,0.6096,0.794,0.0743,0.0904,0.1160
50,50,6,38,32,22.00,8.606,0.1487,0.6312,1.256,0.0487,0.0688,0.1161
45,55,3,43,40,23.00,8.959,0.1483,0.6806,1.609,0.0483,0.0194,0.1162
40,60,3,43,40,23.00,9.023,0.1479,0.6884,1.673,0.0479,0.0116,0.1165
30,70,1,45,44,23.00,8.943,0.1486,0.7234,1.593,0.0486,0.0234,0.1170
60,40,6,38,32,22.00,8.575,0.1497,0.6239,1.225,0.0497,0.0761,0.1177
55,45,6,38,32,22.00,8.606,0.1491,0.6269,1.256,0.0491,0.0731,0.1179
35,65,8,36,28,22.00,8.606,0.1491,0.6269,1.256,0.0491,0.0731,0.1179
30,70,8,36,28,22.00,8.606,0.1491,0.6269,1.256,0.0491,0.0731,0.1179
35,65,5,41,36,23.00,8.943,0.1478,0.6713,1.593,0.0478,0.0287,0.1183
65,35,3,31,28,17.00,6.556,0.1734,0.6014,0.794,0.0734,0.0986,0.1183
65,35,6,38,32,22.00,8.542,0.1495,0.6168,1.192,0.0495,0.0832,0.1184
50,50,5,29,24,17.00,6.619,0.1726,0.5896,0.731,0.0726,0.1104,0.1187
70,30,3,31,28,17.00,6.603,0.1730,0.5927,0.747,0.0730,0.1073,0.1187
45,55,5,29,24,17.00,6.603,0.1730,0.5927,0.747,0.0730,0.1073,0.1187
40,60,5,29,24,17.00,6.603,0.1730,0.5927,0.747,0.0730,0.1073,0.1187
50,50,3,43,40,23.00,8.974,0.1483,0.6748,1.624,0.0483,0.0252,0.1190
75,25,4,40,36,22.00,8.590,0.1497,0.6221,1.240,0.0497,0.0779,0.1191
70,30,1,45,44,23.00,8.943,0.1472,0.6680,1.593,0.0472,0.0320,0.1192
40,60,0,32,32,16.00,6.157,0.1749,0.6578,1.193,0.0749,0.0422,0.1193
60,40,3,43,40,23.00,8.943,0.1461,0.6656,1.593,0.0461,0.0344,0.1194
55,45,3,43,40,23.00,8.959,0.1476,0.6689,1.609,0.0476,0.0311,0.1199
75,25,3,31,28,17.00,6.603,0.1726,0.5877,0.747,0.0726,0.1123,0.1202
75,25,1,45,44,23.00,8.958,0.1472,0.6663,1.608,0.0472,0.0337,0.1205
60,40,5,29,24,17.00,6.603,0.1723,0.5863,0.747,0.0723,0.1137,0.1205
40,60,5,41,36,23.00,8.975,0.1457,0.6650,1.625,0.0457,0.0350,0.1210
45,55,5,41,36,23.00,8.943,0.1460,0.6603,1.593,0.0460,0.0397,0.1211
50,50,0,32,32,16.00,6.205,0.1753,0.6468,1.145,0.0753,0.0532,0.1211
45,55,0,32,32,16.00,6.157,0.1756,0.6538,1.193,0.0756,0.0462,0.1211
55,45,5,29,24,17.00,6.587,0.1726,0.5869,0.763,0.0726,0.1131,0.1213
40,60,8,36,28,22.00,8.607,0.1496,0.6170,1.257,0.0496,0.0829,0.1216
45,55,8,36,28,22.00,8.575,0.1501,0.6109,1.225,0.0501,0.0891,0.1225
55,45,0,32,32,16.00,6.204,0.1754,0.6419,1.146,0.0754,0.0581,0.1229
35,65,2,30,28,16.00,6.204,0.1754,0.6419,1.146,0.0754,0.0581,0.1229
30,70,2,30,28,16.00,6.204,0.1754,0.6419,1.146,0.0754,0.0581,0.1229
65,35,3,43,40,23.00,8.975,0.1462,0.6567,1.625,0.0462,0.0433,0.1241
75,25,6,38,32,22.00,8.575,0.1499,0.6049,1.225,0.0499,0.0951,0.1245
70,30,6,38,32,22.00,8.575,0.1499,0.6049,1.225,0.0499,0.0951,0.1245
55,45,8,36,28,22.00,8.575,0.1499,0.6049,1.225,0.0499,0.0951,0.1245
50,50,8,36,28,22.00,8.575,0.1499,0.6049,1.225,0.0499,0.0951,0.1245
65,35,5,29,24,17.00,6.587,0.1727,0.5781,0.763,0.0727,0.1219,0.1245
30,70,10,34,24,22.00,8.559,0.1502,0.6016,1.209,0.0502,0.0984,0.1250
50,50,5,41,36,23.00,8.990,0.1461,0.6559,1.640,0.0461,0.0441,0.1251
60,40,0,32,32,16.00,6.172,0.1757,0.6387,1.178,0.0757,0.0613,0.1258
45,55,2,46,44,24.00,9.324,0.1435,0.7030,1.974,0.0435,0.0030,0.1259
40,60,2,30,28,16.00,6.204,0.1753,0.6326,1.146,0.0753,0.0674,0.1261
60,40,8,36,28,22.00,8.576,0.1486,0.5979,1.226,0.0486,0.1021,0.1262
65,35,0,48,48,24.00,9.308,0.1442,0.6946,1.958,0.0442,0.0054,0.1263
35,65,10,34,24,22.00,8.559,0.1504,0.5982,1.209,0.0504,0.1018,0.1263
55,45,0,48,48,24.00,9.308,0.1444,0.7063,1.958,0.0444,0.0063,0.1267
60,40,0,48,48,24.00,9.339,0.1437,0.7038,1.989,0.0437,0.0038,0.1270
70,30,3,43,40,23.00,8.990,0.1464,0.6504,1.640,0.0464,0.0496,0.1272
30,70,4,44,40,24.00,9.371,0.1433,0.6989,2.021,0.0433,0.0011,0.1274
55,45,5,41,36,23.00,8.958,0.1475,0.6472,1.608,0.0475,0.0527,0.1274
65,35,8,36,28,22.00,8.560,0.1490,0.5917,1.210,0.0490,0.1083,0.1279
40,60,2,46,44,24.00,9.356,0.1433,0.7062,2.006,0.0433,0.0062,0.1284
70,30,5,29,24,17.00,6.570,0.1729,0.5694,0.780,0.0729,0.1306,0.1285
45,55,2,30,28,16.00,6.172,0.1746,0.6259,1.178,0.0746,0.0741,0.1296
65,35,0,32,32,16.00,6.140,0.1753,0.6316,1.210,0.0753,0.0684,0.1296
75,25,5,29,24,17.00,6.570,0.1729,0.5658,0.780,0.0729,0.1342,0.1297
35,65,2,46,44,24.00,9.323,0.1428,0.7160,1.973,0.0428,0.0160,0.1299
50,50,2,46,44,24.00,9.403,0.1433,0.6957,2.053,0.0433,0.0043,0.1301
45,55,0,48,48,24.00,9.308,0.1428,0.7196,1.958,0.0428,0.0196,0.1305
60,40,5,41,36,23.00,8.974,0.1480,0.6414,1.624,0.0480,0.0586,0.1305
75,25,3,43,40,23.00,8.991,0.1479,0.6432,1.641,0.0479,0.0568,0.1306
50,50,0,48,48,24.00,9.340,0.1428,0.7164,1.990,0.0428,0.0164,0.1309
70,30,0,48,48,24.00,9.325,0.1447,0.6848,1.975,0.0447,0.0152,0.1309
65,35,5,41,36,23.00,8.959,0.1478,0.6348,1.609,0.0478,0.0652,0.1319
35,65,4,44,40,24.00,9.419,0.1434,0.6926,2.069,0.0434,0.0074,0.1321
75,25,0,48,48,24.00,9.311,0.1459,0.6811,1.961,0.0459,0.0189,0.1322
75,25,0,32,32,16.00,6.172,0.1752,0.6192,1.178,0.0752,0.0808,0.1323
70,30,0,32,32,16.00,6.172,0.1752,0.6192,1.178,0.0752,0.0808,0.1323
55,45,2,30,28,16.00,6.172,0.1752,0.6192,1.178,0.0752,0.0808,0.1323
50,50,2,30,28,16.00,6.172,0.1752,0.6192,1.178,0.0752,0.0808,0.1323
30,70,2,46,44,24.00,9.340,0.1427,0.7219,1.990,0.0427,0.0219,0.1328
60,40,2,46,44,24.00,9.341,0.1453,0.6827,1.991,0.0453,0.0173,0.1328
70,30,8,36,28,22.00,8.608,0.1488,0.5840,1.258,0.0488,0.1160,0.1328
45,55,10,34,24,22.00,8.608,0.1488,0.5840,1.258,0.0488,0.1160,0.1328
40,60,10,34,24,22.00,8.608,0.1488,0.5840,1.258,0.0488,0.1160,0.1328
55,45,2,46,44,24.00,9.373,0.1445,0.6851,2.023,0.0445,0.0149,0.1330
65,35,2,46,44,24.00,9.294,0.1454,0.6737,1.944,0.0454,0.0263,0.1336
30,70,6,42,36,24.00,9.311,0.1457,0.6758,1.961,0.0457,0.0242,0.1339
55,45,10,34,24,22.00,8.593,0.1491,0.5791,1.243,0.0491,0.1209,0.1339
75,25,8,36,28,22.00,8.608,0.1493,0.5799,1.258,0.0493,0.1201,0.1345
45,55,4,44,40,24.00,9.358,0.1446,0.6786,2.008,0.0446,0.0214,0.1347
50,50,10,34,24,22.00,8.624,0.1492,0.5815,1.274,0.0492,0.1185,0.1347
30,70,4,28,24,16.00,6.156,0.1755,0.6152,1.194,0.0755,0.0848,0.1347
40,60,4,44,40,24.00,9.420,0.1439,0.6853,2.070,0.0439,0.0147,0.1350
40,60,0,48,48,24.00,9.372,0.1422,0.7247,2.022,0.0422,0.0247,0.1351
60,40,10,34,24,22.00,8.609,0.1490,0.5779,1.259,0.0490,0.1221,0.1351
70,30,5,41,36,23.00,8.976,0.1472,0.6264,1.626,0.0472,0.0736,0.1353
60,40,2,30,28,16.00,6.172,0.1754,0.6108,1.178,0.0754,0.0892,0.1353
35,65,4,28,24,16.00,6.156,0.1754,0.6125,1.194,0.0754,0.0875,0.1356
65,35,10,34,24,22.00,8.593,0.1489,0.5698,1.243,0.0489,0.1301,0.1370
50,50,4,44,40,24.00,9.376,0.1451,0.6730,2.026,0.0451,0.0270,0.1378
35,65,6,42,36,24.00,9.343,0.1464,0.6692,1.993,0.0464,0.0308,0.1383
35,65,0,48,48,24.00,9.324,0.1441,0.7383,1.974,0.0441,0.0383,0.1385
30,70,0,48,48,24.00,9.308,0.1435,0.7428,1.958,0.0435,0.0428,0.1390
70,30,2,46,44,24.00,9.343,0.1455,0.6657,1.993,0.0455,0.0343,0.1390
75,25,5,41,36,23.00,8.993,0.1474,0.6187,1.643,0.0474,0.0813,0.1390
70,30,10,34,24,22.00,8.577,0.1492,0.5621,1.227,0.0492,0.1379,0.1391
55,45,4,44,40,24.00,9.359,0.1451,0.6666,2.009,0.0451,0.0334,0.1392
70,30,2,30,28,16.00,6.203,0.1760,0.5951,1.147,0.0760,0.1049,0.1396
45,55,4,28,24,16.00,6.203,0.1760,0.5951,1.147,0.0760,0.1049,0.1396
40,60,4,28,24,16.00,6.203,0.1760,0.5951,1.147,0.0760,0.1049,0.1396
65,35,2,30,28,16.00,6.155,0.1766,0.6025,1.195,0.0766,0.0975,0.1398
50,50,4,28,24,16.00,6.220,0.1760,0.5919,1.130,0.0760,0.1081,0.1400
60,40,4,44,40,24.00,9.343,0.1459,0.6628,1.993,0.0459,0.0372,0.1402
75,25,2,46,44,24.00,9.360,0.1455,0.6642,2.010,0.0455,0.0358,0.1403
75,25,10,34,24,22.00,8.577,0.1500,0.5594,1.227,0.0500,0.1406,0.1406
75,25,2,30,28,16.00,6.204,0.1760,0.5901,1.146,0.0760,0.1099,0.1414
40,60,6,42,36,24.00,9.376,0.1460,0.6624,2.026,0.0460,0.0376,0.1420
45,55,6,42,36,24.00,9.343,0.1457,0.6571,1.993,0.0457,0.0429,0.1421
60,40,4,28,24,16.00,6.203,0.1760,0.5879,1.147,0.0760,0.1121,0.1421
45,55,3,47,44,25.00,9.724,0.1401,0.7000,2.374,0.0401,0.0000,0.1428
55,45,4,28,24,16.00,6.188,0.1766,0.5890,1.162,0.0766,0.1110,0.1429
55,45,1,49,48,25.00,9.707,0.1405,0.7039,2.357,0.0405,0.0039,0.1436
60,40,1,49,48,25.00,9.740,0.1402,0.7018,2.390,0.0402,0.0018,0.1443
35,65,1,29,28,15.00,5.803,0.1798,0.6452,1.547,0.0798,0.0548,0.1444
30,70,1,29,28,15.00,5.803,0.1798,0.6452,1.547,0.0798,0.0548,0.1444
65,35,4,44,40,24.00,9.376,0.1454,0.6540,2.026,0.0454,0.0460,0.1446
40,60,3,47,44,25.00,9.756,0.1398,0.7031,2.406,0.0398,0.0031,0.1452
65,35,1,49,48,25.00,9.709,0.1409,0.6922,2.359,0.0409,0.0078,0.1452
50,50,6,42,36,24.00,9.391,0.1455,0.6533,2.041,0.0455,0.0467,0.1457
65,35,4,28,24,16.00,6.188,0.1762,0.5802,1.162,0.0762,0.1198,0.1458
30,70,5,45,40,25.00,9.772,0.1396,0.6963,2.422,0.0396,0.0037,0.1462
30,70,8,40,32,24.00,9.392,0.1453,0.6498,2.042,0.0453,0.0502,0.1468
35,65,3,47,44,25.00,9.723,0.1398,0.7136,2.373,0.0398,0.0136,0.1472
45,55,1,49,48,25.00,9.707,0.1392,0.7174,2.357,0.0392,0.0174,0.1475
55,45,6,42,36,24.00,9.359,0.1460,0.6436,2.009,0.0460,0.0564,0.1478
40,60,1,29,28,15.00,5.803,0.1791,0.6337,1.547,0.0791,0.0663,0.1480
70,30,4,44,40,24.00,9.392,0.1459,0.6472,2.042,0.0459,0.0528,0.1481
35,65,8,40,32,24.00,9.392,0.1459,0.6472,2.042,0.0459,0.0528,0.1481
50,50,1,49,48,25.00,9.739,0.1396,0.7142,2.389,0.0396,0.0142,0.1482
50,50,3,47,44,25.00,9.804,0.1402,0.6933,2.454,0.0402,0.0067,0.1492
30,70,3,47,44,25.00,9.739,0.1395,0.7190,2.389,0.0395,0.0190,0.1498
70,30,4,28,24,16.00,6.171,0.1761,0.5705,1.179,0.0761,0.1295,0.1499
70,30,1,49,48,25.00,9.724,0.1422,0.6817,2.374,0.0422,0.0183,0.1504
40,60,8,40,32,24.00,9.360,0.1465,0.6357,2.010,0.0465,0.0643,0.1509
75,25,4,28,24,16.00,6.172,0.1759,0.5671,1.178,0.0759,0.1329,0.1509
60,40,6,42,36,24.00,9.376,0.1472,0.6390,2.026,0.0472,0.0610,0.1510
75,25,4,44,40,24.00,9.392,0.1469,0.6405,2.042,0.0469,0.0595,0.1511
35,65,5,45,40,25.00,9.820,0.1403,0.6900,2.470,0.0403,0.0100,0.1512
75,25,1,49,48,25.00,9.709,0.1429,0.6782,2.359,0.0429,0.0218,0.1513
60,40,3,47,44,25.00,9.740,0.1420,0.6805,2.390,0.0420,0.0195,0.1515
40,60,1,49,48,25.00,9.771,0.1385,0.7214,2.421,0.0385,0.0214,0.1517
45,55,1,29,28,15.00,5.771,0.1791,0.6267,1.579,0.0791,0.0733,0.1521
55,45,3,47,44,25.00,9.773,0.1416,0.6827,2.423,0.0416,0.0173,0.1522
65,35,6,42,36,24.00,9.360,0.1470,0.6326,2.010,0.0470,0.0674,0.1523
45,55,8,40,32,24.00,9.360,0.1470,0.6326,2.010,0.0470,0.0674,0.1523
65,35,3,47,44,25.00,9.693,0.1432,0.6714,2.343,0.0432,0.0285,0.1531
35,65,1,49,48,25.00,9.723,0.1389,0.7332,2.373,0.0389,0.0332,0.1536
40,60,5,45,40,25.00,9.821,0.1409,0.6830,2.471,0.0409,0.0170,0.1540
45,55,5,45,40,25.00,9.757,0.1421,0.6759,2.407,0.0421,0.0241,0.1540
55,45,1,29,28,15.00,5.771,0.1791,0.6207,1.579,0.0791,0.0793,0.1542
50,50,1,29,28,15.00,5.771,0.1791,0.6207,1.579,0.0791,0.0793,0.1542
30,70,1,49,48,25.00,9.707,0.1391,0.7375,2.357,0.0391,0.0375,0.1544
70,30,6,42,36,24.00,9.376,0.1465,0.6255,2.026,0.0465,0.0745,0.1553
30,70,3,27,24,15.00,5.755,0.1791,0.6175,1.595,0.0791,0.0825,0.1561
50,50,8,40,32,24.00,9.408,0.1467,0.6270,2.058,0.0467,0.0730,0.1565
35,65,3,27,24,15.00,5.755,0.1780,0.6141,1.595,0.0780,0.0858,0.1566
60,40,1,29,28,15.00,5.772,0.1790,0.6128,1.578,0.0790,0.0872,0.1568
50,50,5,45,40,25.00,9.773,0.1428,0.6706,2.423,0.0428,0.0294,0.1571
60,40,8,40,32,24.00,9.376,0.1467,0.6199,2.026,0.0467,0.0801,0.1574
55,45,8,40,32,24.00,9.408,0.1466,0.6229,2.058,0.0466,0.0771,0.1578
35,65,10,38,28,24.00,9.408,0.1466,0.6229,2.058,0.0466,0.0771,0.1578
30,70,10,38,28,24.00,9.408,0.1466,0.6229,2.058,0.0466,0.0771,0.1578
70,30,3,47,44,25.00,9.742,0.1436,0.6637,2.392,0.0436,0.0363,0.1584
65,35,8,40,32,24.00,9.343,0.1469,0.6125,1.993,0.0469,0.0875,0.1584
75,25,6,42,36,24.00,9.391,0.1463,0.6182,2.041,0.0463,0.0818,0.1585
55,45,5,45,40,25.00,9.758,0.1436,0.6640,2.408,0.0436,0.0360,0.1592
60,40,5,45,40,25.00,9.743,0.1436,0.6612,2.393,0.0436,0.0388,0.1594
75,25,3,47,44,25.00,9.757,0.1431,0.6621,2.407,0.0431,0.0379,0.1595
65,35,1,29,28,15.00,5.755,0.1798,0.6050,1.595,0.0798,0.0950,0.1609
70,30,1,29,28,15.00,5.804,0.1794,0.5962,1.546,0.0794,0.1038,0.1613
45,55,3,27,24,15.00,5.804,0.1794,0.5962,1.546,0.0794,0.1038,0.1613
40,60,3,27,24,15.00,5.804,0.1794,0.5962,1.546,0.0794,0.1038,0.1613
40,60,10,38,28,24.00,9.408,0.1470,0.6132,2.058,0.0470,0.0868,0.1615
50,50,3,27,24,15.00,5.820,0.1793,0.5930,1.530,0.0793,0.1070,0.1615
45,55,10,38,28,24.00,9.375,0.1464,0.6070,2.025,0.0464,0.0930,0.1617
55,45,2,50,48,26.00,10.108,0.1398,0.7006,2.758,0.0398,0.0006,0.1620
65,35,0,52,52,26.00,10.092,0.1393,0.7051,2.742,0.0393,0.0051,0.1625
75,25,1,29,28,15.00,5.804,0.1794,0.5911,1.546,0.0794,0.1089,0.1630
75,25,8,40,32,24.00,9.375,0.1466,0.6025,2.025,0.0466,0.0975,0.1633
70,30,8,40,32,24.00,9.375,0.1466,0.6025,2.025,0.0466,0.0975,0.1633
55,45,10,38,28,24.00,9.375,0.1466,0.6025,2.025,0.0466,0.0975,0.1633
50,50,10,38,28,24.00,9.375,0.1466,0.6025,2.025,0.0466,0.0975,0.1633
60,40,3,27,24,15.00,5.805,0.1788,0.5891,1.545,0.0788,0.1109,0.1633
65,35,5,45,40,25.00,9.775,0.1429,0.6528,2.425,0.0429,0.0472,0.1635
40,60,4,48,44,26.00,10.156,0.1388,0.6996,2.806,0.0388,0.0004,0.1637
45,55,4,48,44,26.00,10.124,0.1395,0.6964,2.774,0.0395,0.0036,0.1637
60,40,2,50,48,26.00,10.141,0.1395,0.6982,2.791,0.0395,0.0018,0.1639
70,30,0,52,52,26.00,10.140,0.1398,0.6981,2.790,0.0398,0.0019,0.1640
55,45,3,27,24,15.00,5.789,0.1796,0.5901,1.561,0.0796,0.1099,0.1643
35,65,4,48,44,26.00,10.123,0.1384,0.7097,2.773,0.0384,0.0097,0.1651
65,35,2,50,48,26.00,10.110,0.1388,0.6891,2.760,0.0388,0.0109,0.1651
45,55,2,50,48,26.00,10.107,0.1383,0.7126,2.757,0.0383,0.0126,0.1652
60,40,0,52,52,26.00,10.123,0.1385,0.7102,2.773,0.0385,0.0102,0.1653
60,40,10,38,28,24.00,9.376,0.1463,0.5955,2.026,0.0463,0.1045,0.1657
50,50,2,50,48,26.00,10.140,0.1389,0.7095,2.790,0.0389,0.0095,0.1661
70,30,5,45,40,25.00,9.792,0.1427,0.6471,2.442,0.0427,0.0529,0.1662
35,65,0,28,28,14.00,5.403,0.1855,0.6489,1.947,0.0855,0.0511,0.1666
30,70,0,28,28,14.00,5.403,0.1855,0.6489,1.947,0.0855,0.0511,0.1666
65,35,3,27,24,15.00,5.788,0.1785,0.5803,1.562,0.0785,0.1197,0.1670
30,70,4,48,44,26.00,10.139,0.1377,0.7145,2.789,0.0377,0.0145,0.1671
30,70,6,46,40,26.00,10.173,0.1396,0.6928,2.823,0.0396,0.0072,0.1674
65,35,10,38,28,24.00,9.359,0.1470,0.5886,2.009,0.0470,0.1114,0.1676
75,25,0,52,52,26.00,10.157,0.1404,0.6900,2.807,0.0404,0.0100,0.1681
75,25,5,45,40,25.00,9.792,0.1426,0.6405,2.442,0.0426,0.0595,0.1685
55,45,0,52,52,26.00,10.138,0.1373,0.7204,2.788,0.0373,0.0204,0.1689
40,60,2,50,48,26.00,10.171,0.1373,0.7171,2.821,0.0373,0.0171,0.1694
70,30,2,50,48,26.00,10.126,0.1390,0.6794,2.776,0.0390,0.0206,0.1694
50,50,4,48,44,26.00,10.205,0.1396,0.6901,2.855,0.0396,0.0099,0.1699
75,25,2,50,48,26.00,10.110,0.1393,0.6756,2.760,0.0393,0.0244,0.1701
40,60,0,28,28,14.00,5.403,0.1855,0.6385,1.947,0.0855,0.0615,0.1702
60,40,4,48,44,26.00,10.141,0.1399,0.6777,2.791,0.0399,0.0223,0.1713
45,55,0,52,52,26.00,10.090,0.1381,0.7333,2.740,0.0381,0.0333,0.1715
50,50,0,52,52,26.00,10.154,0.1376,0.7256,2.804,0.0376,0.0256,0.1718
70,30,3,27,24,15.00,5.772,0.1795,0.5710,1.578,0.0795,0.1290,0.1718
65,35,4,48,44,26.00,10.094,0.1395,0.6686,2.744,0.0395,0.0314,0.1719
35,65,2,50,48,26.00,10.121,0.1384,0.7298,2.771,0.0384,0.0298,0.1720
30,70,8,44,36,26.00,10.110,0.1395,0.6707,2.760,0.0395,0.0293,0.1720
55,45,4,48,44,26.00,10.174,0.1397,0.6796,2.824,0.0397,0.0204,0.1721
35,65,6,46,40,26.00,10.221,0.1398,0.6864,2.871,0.0398,0.0136,0.1722
70,30,10,38,28,24.00,9.407,0.1469,0.5811,2.057,0.0469,0.1189,0.1726
30,70,2,50,48,26.00,10.105,0.1388,0.7340,2.755,0.0388,0.0340,0.1729
45,55,6,46,40,26.00,10.158,0.1390,0.6735,2.808,0.0390,0.0265,0.1731
75,25,3,27,24,15.00,5.772,0.1799,0.5674,1.578,0.0799,0.1326,0.1733
40,60,6,46,40,26.00,10.222,0.1392,0.6796,2.872,0.0392,0.0204,0.1743
75,25,10,38,28,24.00,9.407,0.1469,0.5763,2.057,0.0469,0.1237,0.1743
45,55,0,28,28,14.00,5.370,0.1856,0.6308,1.980,0.0856,0.0692,0.1746
35,65,8,44,36,26.00,10.142,0.1385,0.6652,2.792,0.0385,0.0348,0.1749
50,50,6,46,40,26.00,10.174,0.1381,0.6682,2.824,0.0381,0.0318,0.1752
40,60,0,52,52,26.00,10.122,0.1385,0.7387,2.772,0.0385,0.0387,0.1752
70,30,4,48,44,26.00,10.142,0.1385,0.6616,2.792,0.0385,0.0384,0.1762
55,45,6,46,40,26.00,10.158,0.1378,0.6622,2.808,0.0378,0.0378,0.1763
35,65,0,52,52,26.00,10.122,0.1382,0.7444,2.772,0.0382,0.0444,0.1770
55,45,0,28,28,14.00,5.370,0.1859,0.6244,1.980,0.0859,0.0756,0.1770
50,50,0,28,28,14.00,5.370,0.1859,0.6244,1.980,0.0859,0.0756,0.1770
75,25,4,48,44,26.00,10.158,0.1379,0.6597,2.808,0.0379,0.0403,0.1772
30,70,0,52,52,26.00,10.106,0.1370,0.7499,2.756,0.0370,0.0499,0.1775
60,40,6,46,40,26.00,10.142,0.1392,0.6589,2.792,0.0392,0.0411,0.1775
40,60,8,44,36,26.00,10.175,0.1390,0.6589,2.825,0.0390,0.0411,0.1790
30,70,2,26,24,14.00,5.355,0.1861,0.6204,1.995,0.0861,0.0796,0.1793
45,55,8,44,36,26.00,10.143,0.1394,0.6540,2.793,0.0394,0.0460,0.1794
60,40,0,28,28,14.00,5.369,0.1860,0.6164,1.981,0.0860,0.0836,0.1799
65,35,1,53,52,27.00,10.492,0.1375,0.7021,3.142,0.0375,0.0021,0.1803
35,65,2,26,24,14.00,5.355,0.1862,0.6169,1.995,0.0862,0.0831,0.1806
65,35,6,46,40,26.00,10.174,0.1392,0.6508,2.824,0.0392,0.0492,0.1820
55,45,3,51,48,27.00,10.509,0.1385,0.6970,3.159,0.0385,0.0030,0.1821
45,55,5,49,44,27.00,10.525,0.1367,0.6934,3.175,0.0367,0.0066,0.1831
65,35,0,28,28,14.00,5.354,0.1853,0.6080,1.996,0.0853,0.0920,0.1832
50,50,8,44,36,26.00,10.190,0.1396,0.6498,2.840,0.0396,0.0502,0.1833
40,60,5,49,44,27.00,10.557,0.1366,0.6967,3.207,0.0366,0.0033,0.1834
70,30,0,28,28,14.00,5.403,0.1843,0.5985,1.947,0.0843,0.1015,0.1834
45,55,2,26,24,14.00,5.403,0.1843,0.5985,1.947,0.0843,0.1015,0.1834
40,60,2,26,24,14.00,5.403,0.1843,0.5985,1.947,0.0843,0.1015,0.1834
70,30,1,53,52,27.00,10.541,0.1371,0.6946,3.191,0.0371,0.0054,0.1836
30,70,10,42,32,26.00,10.190,0.1390,0.6479,2.840,0.0390,0.0521,0.1836
50,50,2,26,24,14.00,5.419,0.1839,0.5949,1.931,0.0839,0.1051,0.1837
60,40,3,51,48,27.00,10.541,0.1374,0.6946,3.191,0.0374,0.0054,0.1839
35,65,5,49,44,27.00,10.524,0.1377,0.7072,3.174,0.0377,0.0072,0.1839
60,40,1,53,52,27.00,10.524,0.1379,0.7079,3.174,0.0379,0.0079,0.1842
45,55,3,51,48,27.00,10.508,0.1383,0.7096,3.158,0.0383,0.0096,0.1842
70,30,6,46,40,26.00,10.190,0.1394,0.6450,2.840,0.0394,0.0550,0.1849
35,65,10,42,32,26.00,10.190,0.1394,0.6450,2.840,0.0394,0.0550,0.1849
50,50,3,51,48,27.00,10.540,0.1388,0.7068,3.190,0.0388,0.0068,0.1851
55,45,8,44,36,26.00,10.158,0.1406,0.6417,2.808,0.0406,0.0583,0.1852
65,35,3,51,48,27.00,10.511,0.1369,0.6850,3.161,0.0369,0.0150,0.1854
75,25,0,28,28,14.00,5.403,0.1846,0.5929,1.947,0.0846,0.1071,0.1856
30,70,5,49,44,27.00,10.541,0.1376,0.7121,3.191,0.0376,0.0121,0.1863
60,40,2,26,24,14.00,5.403,0.1846,0.5908,1.947,0.0846,0.1092,0.1863
55,45,2,26,24,14.00,5.387,0.1846,0.5919,1.963,0.0846,0.1081,0.1867
40,60,10,42,32,26.00,10.158,0.1393,0.6338,2.808,0.0393,0.0662,0.1872
60,40,8,44,36,26.00,10.174,0.1399,0.6369,2.824,0.0399,0.0631,0.1872
75,25,1,53,52,27.00,10.557,0.1370,0.6863,3.207,0.0370,0.0137,0.1874
75,25,6,46,40,26.00,10.191,0.1406,0.6383,2.841,0.0406,0.0616,0.1880
65,35,8,44,36,26.00,10.159,0.1393,0.6310,2.809,0.0393,0.0690,0.1882
45,55,10,42,32,26.00,10.159,0.1393,0.6310,2.809,0.0393,0.0690,0.1882
55,45,1,53,52,27.00,10.542,0.1375,0.7185,3.192,0.0375,0.0185,0.1885
40,60,3,51,48,27.00,10.574,0.1379,0.7150,3.224,0.0379,0.0150,0.1892
50,50,5,49,44,27.00,10.605,0.1364,0.6866,3.255,0.0364,0.0134,0.1893
70,30,3,51,48,27.00,10.526,0.1374,0.6758,3.176,0.0374,0.0242,0.1897
75,25,3,51,48,27.00,10.509,0.1377,0.6731,3.159,0.0377,0.0269,0.1900
65,35,2,26,24,14.00,5.388,0.1846,0.5819,1.962,0.0846,0.1181,0.1902
35,65,3,51,48,27.00,10.524,0.1370,0.7277,3.174,0.0370,0.0277,0.1906
45,55,1,53,52,27.00,10.491,0.1375,0.7318,3.141,0.0375,0.0318,0.1907
30,70,3,51,48,27.00,10.508,0.1364,0.7318,3.158,0.0364,0.0318,0.1909
50,50,1,53,52,27.00,10.557,0.1375,0.7241,3.207,0.0375,0.0241,0.1912
60,40,5,49,44,27.00,10.541,0.1377,0.6743,3.191,0.0377,0.0257,0.1912
70,30,8,44,36,26.00,10.175,0.1394,0.6240,2.825,0.0394,0.0760,0.1915
65,35,5,49,44,27.00,10.494,0.1385,0.6669,3.144,0.0385,0.0331,0.1919
55,45,5,49,44,27.00,10.574,0.1373,0.6761,3.224,0.0373,0.0239,0.1920
50,50,10,42,32,26.00,10.207,0.1394,0.6254,2.857,0.0394,0.0746,0.1926
40,60,1,53,52,27.00,10.524,0.1363,0.7372,3.174,0.0363,0.0372,0.1935
60,40,10,42,32,26.00,10.176,0.1395,0.6183,2.826,0.0395,0.0817,0.1936
55,45,10,42,32,26.00,10.208,0.1395,0.6216,2.858,0.0395,0.0784,0.1941
75,25,8,44,36,26.00,10.192,0.1389,0.6170,2.842,0.0389,0.0830,0.1945
65,35,10,42,32,26.00,10.145,0.1398,0.6114,2.795,0.0398,0.0886,0.1947
70,30,2,26,24,14.00,5.373,0.1849,0.5719,1.977,0.0849,0.1281,0.1947
35,65,1,53,52,27.00,10.524,0.1364,0.7430,3.174,0.0364,0.0430,0.1956
75,25,2,26,24,14.00,5.372,0.1849,0.5682,1.978,0.0849,0.1318,0.1959
70,30,5,49,44,27.00,10.542,0.1380,0.6604,3.192,0.0380,0.0396,0.1963
30,70,1,53,52,27.00,10.508,0.1364,0.7479,3.158,0.0364,0.0479,0.1965
75,25,5,49,44,27.00,10.558,0.1374,0.6592,3.208,0.0374,0.0408,0.1971
65,35,2,54,52,28.00,10.896,0.1364,0.6985,3.546,0.0364,0.0015,0.1997
75,25,10,42,32,26.00,10.177,0.1406,0.6016,2.827,0.0406,0.0984,0.2002
70,30,10,42,32,26.00,10.177,0.1406,0.6016,2.827,0.0406,0.0984,0.2002
35,65,6,50,44,28.00,10.928,0.1360,0.7030,3.578,0.0360,0.0030,0.2016
45,55,4,52,48,28.00,10.912,0.1358,0.7061,3.562,0.0358,0.0061,0.2017
55,45,4,52,48,28.00,10.911,0.1362,0.6944,3.561,0.0362,0.0056,0.2017
60,40,2,54,52,28.00,10.927,0.1364,0.7040,3.577,0.0364,0.0040,0.2021
50,50,4,52,48,28.00,10.944,0.1358,0.7033,3.594,0.0358,0.0033,0.2023
60,40,4,52,48,28.00,10.944,0.1360,0.6926,3.594,0.0360,0.0074,0.2038
30,70,6,50,44,28.00,10.944,0.1358,0.7080,3.594,0.0358,0.0080,0.2040
70,30,2,54,52,28.00,10.944,0.1359,0.6922,3.594,0.0359,0.0078,0.2040
45,55,6,50,44,28.00,10.928,0.1364,0.6905,3.578,0.0364,0.0095,0.2040
40,60,6,50,44,28.00,10.960,0.1366,0.6937,3.610,0.0366,0.0063,0.2047
65,35,4,52,48,28.00,10.912,0.1352,0.6836,3.562,0.0352,0.0164,0.2050
55,45,2,54,52,28.00,10.943,0.1353,0.7150,3.593,0.0353,0.0150,0.2061
40,60,4,52,48,28.00,10.976,0.1356,0.7109,3.626,0.0356,0.0109,0.2065
75,25,2,54,52,28.00,10.960,0.1350,0.6847,3.610,0.0350,0.0153,0.2068
30,70,8,48,40,28.00,10.976,0.1354,0.6874,3.626,0.0354,0.0126,0.2070
70,30,4,52,48,28.00,10.928,0.1349,0.6752,3.578,0.0349,0.0248,0.2085
75,25,4,52,48,28.00,10.912,0.1345,0.6717,3.562,0.0345,0.0283,0.2087
45,55,2,54,52,28.00,10.894,0.1357,0.7294,3.544,0.0357,0.0294,0.2089
50,50,2,54,52,28.00,10.959,0.1357,0.7206,3.609,0.0357,0.0206,0.2091
50,50,6,50,44,28.00,11.008,0.1352,0.6851,3.658,0.0352,0.0149,0.2092
60,40,6,50,44,28.00,10.944,0.1342,0.6736,3.594,0.0342,0.0264,0.2094
35,65,4,52,48,28.00,10.927,0.1363,0.7251,3.577,0.0363,0.0251,0.2094
30,70,4,52,48,28.00,10.912,0.1356,0.7294,3.562,0.0356,0.0294,0.2098
55,45,6,50,44,28.00,10.977,0.1340,0.6759,3.627,0.0340,0.0241,0.2102
30,70,10,46,36,28.00,10.912,0.1346,0.6670,3.562,0.0346,0.0330,0.2104
65,35,6,50,44,28.00,10.896,0.1350,0.6648,3.546,0.0350,0.0352,0.2106
35,65,8,48,40,28.00,11.024,0.1350,0.6823,3.674,0.0350,0.0177,0.2109
45,55,8,48,40,28.00,10.961,0.1344,0.6698,3.611,0.0344,0.0302,0.2118
40,60,2,54,52,28.00,10.927,0.1351,0.7349,3.577,0.0351,0.0349,0.2122
40,60,8,48,40,28.00,11.025,0.1343,0.6759,3.675,0.0343,0.0241,0.2128
35,65,10,46,36,28.00,10.944,0.1352,0.6617,3.594,0.0352,0.0383,0.2142
35,65,2,54,52,28.00,10.927,0.1352,0.7410,3.577,0.0352,0.0410,0.2143
50,50,8,48,40,28.00,10.977,0.1345,0.6642,3.627,0.0345,0.0358,0.2146
30,70,2,54,52,28.00,10.910,0.1352,0.7467,3.560,0.0352,0.0467,0.2155
70,30,6,50,44,28.00,10.944,0.1353,0.6579,3.594,0.0353,0.0421,0.2156
55,45,8,48,40,28.00,10.961,0.1351,0.6588,3.611,0.0351,0.0412,0.2160
60,40,8,48,40,28.00,10.944,0.1347,0.6552,3.594,0.0347,0.0448,0.2162
75,25,6,50,44,28.00,10.960,0.1349,0.6561,3.610,0.0349,0.0439,0.2168
65,35,3,55,52,29.00,11.296,0.1322,0.6981,3.946,0.0322,0.0019,0.2173
40,60,10,46,36,28.00,10.976,0.1340,0.6549,3.626,0.0340,0.0451,0.2175
45,55,10,46,36,28.00,10.944,0.1349,0.6502,3.594,0.0349,0.0498,0.2181
45,55,5,53,48,29.00,11.311,0.1322,0.7049,3.961,0.0322,0.0049,0.2191
60,40,3,55,52,29.00,11.327,0.1327,0.7030,3.977,0.0327,0.0030,0.2195
55,45,5,53,48,29.00,11.312,0.1333,0.6937,3.962,0.0333,0.0063,0.2203
50,50,5,53,48,29.00,11.343,0.1331,0.7024,3.993,0.0331,0.0024,0.2204
65,35,8,48,40,28.00,10.975,0.1350,0.6470,3.625,0.0350,0.0530,0.2208
70,30,3,55,52,29.00,11.344,0.1321,0.6916,3.994,0.0321,0.0084,0.2219
50,50,10,46,36,28.00,10.992,0.1354,0.6462,3.642,0.0354,0.0538,0.2222
60,40,5,53,48,29.00,11.344,0.1337,0.6908,3.994,0.0337,0.0092,0.2232
40,60,5,53,48,29.00,11.376,0.1321,0.7094,4.026,0.0321,0.0094,0.2238
55,45,10,46,36,28.00,10.960,0.1364,0.6389,3.610,0.0364,0.0611,0.2238
55,45,3,55,52,29.00,11.344,0.1333,0.7128,3.994,0.0333,0.0128,0.2241
70,30,8,48,40,28.00,10.991,0.1363,0.6418,3.641,0.0363,0.0582,0.2242
65,35,5,53,48,29.00,11.312,0.1339,0.6808,3.962,0.0339,0.0192,0.2252
35,65,5,53,48,29.00,11.327,0.1323,0.7221,3.977,0.0323,0.0221,0.2260
45,55,3,55,52,29.00,11.294,0.1329,0.7268,3.944,0.0329,0.0268,0.2263
50,50,3,55,52,29.00,11.359,0.1325,0.7188,4.009,0.0325,0.0188,0.2265
75,25,3,55,52,29.00,11.359,0.1335,0.6827,4.009,0.0335,0.0173,0.2266
60,40,10,46,36,28.00,10.976,0.1375,0.6343,3.626,0.0375,0.0657,0.2268
75,25,8,48,40,28.00,10.991,0.1372,0.6357,3.641,0.0372,0.0643,0.2269
30,70,5,53,48,29.00,11.311,0.1330,0.7265,3.961,0.0330,0.0265,0.2271
65,35,10,46,36,28.00,10.960,0.1368,0.6283,3.610,0.0368,0.0717,0.2276
40,60,3,55,52,29.00,11.326,0.1328,0.7325,3.976,0.0328,0.0325,0.2298
70,30,5,53,48,29.00,11.328,0.1353,0.6720,3.978,0.0353,0.0280,0.2299
75,25,5,53,48,29.00,11.312,0.1358,0.6687,3.962,0.0358,0.0313,0.2305
70,30,10,46,36,28.00,10.976,0.1368,0.6209,3.626,0.0368,0.0791,0.2311
35,65,3,55,52,29.00,11.326,0.1326,0.7383,3.976,0.0326,0.0383,0.2318
30,70,3,55,52,29.00,11.310,0.1317,0.7434,3.960,0.0317,0.0434,0.2322
75,25,10,46,36,28.00,10.992,0.1372,0.6139,3.642,0.0372,0.0861,0.2345
35,65,8,52,44,30.00,11.729,0.1327,0.7000,4.379,0.0327,0.0000,0.2385
45,55,6,54,48,30.00,11.713,0.1328,0.7031,4.363,0.0328,0.0031,0.2389
50,50,6,54,48,30.00,11.744,0.1321,0.7002,4.394,0.0321,0.0002,0.2391
60,40,4,56,52,30.00,11.728,0.1331,0.7010,4.378,0.0331,0.0010,0.2391
65,35,4,56,52,30.00,11.697,0.1342,0.6959,4.347,0.0342,0.0041,0.2393
30,70,8,52,44,30.00,11.745,0.1325,0.7048,4.395,0.0325,0.0048,0.2409
55,45,6,54,48,30.00,11.712,0.1336,0.6913,4.362,0.0336,0.0087,0.2413
55,45,4,56,52,30.00,11.744,0.1332,0.7109,4.394,0.0332,0.0109,0.2434
70,30,4,56,52,30.00,11.745,0.1335,0.6897,4.395,0.0335,0.0103,0.2434
60,40,6,54,48,30.00,11.744,0.1334,0.6893,4.394,0.0334,0.0107,0.2435
40,60,6,54,48,30.00,11.776,0.1327,0.7078,4.426,0.0327,0.0078,0.2436
45,55,8,52,44,30.00,11.729,0.1344,0.6879,4.379,0.0344,0.0121,0.2438
40,60,8,52,44,30.00,11.760,0.1340,0.6909,4.410,0.0340,0.0091,0.2441
45,55,4,56,52,30.00,11.696,0.1326,0.7244,4.346,0.0326,0.0244,0.2454
65,35,6,54,48,30.00,11.712,0.1335,0.6790,4.362,0.0335,0.0210,0.2455
50,50,4,56,52,30.00,11.760,0.1328,0.7159,4.410,0.0328,0.0159,0.2457
35,65,6,54,48,30.00,11.728,0.1324,0.7216,4.378,0.0324,0.0216,0.2459
30,70,6,54,48,30.00,11.712,0.1320,0.7251,4.362,0.0320,0.0251,0.2461
30,70,10,50,40,30.00,11.776,0.1330,0.6840,4.426,0.0330,0.0160,0.2467
75,25,4,56,52,30.00,11.760,0.1333,0.6809,4.410,0.0333,0.0191,0.2471
40,60,4,56,52,30.00,11.729,0.1322,0.7300,4.379,0.0322,0.0300,0.2488
50,50,8,52,44,30.00,11.808,0.1333,0.6813,4.458,0.0333,0.0187,0.2494
70,30,6,54,48,30.00,11.727,0.1340,0.6707,4.377,0.0340,0.0293,0.2495
35,65,4,56,52,30.00,11.728,0.1311,0.7360,4.378,0.0311,0.0360,0.2502
75,25,6,54,48,30.00,11.711,0.1350,0.6675,4.361,0.0350,0.0324,0.2504
30,70,4,56,52,30.00,11.712,0.1311,0.7415,4.362,0.0311,0.0415,0.2512
60,40,8,52,44,30.00,11.743,0.1349,0.6694,4.393,0.0349,0.0306,0.2513
35,65,10,50,40,30.00,11.824,0.1337,0.6784,4.474,0.0337,0.0216,0.2514
65,35,8,52,44,30.00,11.696,0.1349,0.6610,4.346,0.0349,0.0390,0.2518
55,45,8,52,44,30.00,11.775,0.1348,0.6711,4.425,0.0348,0.0289,0.2522
45,55,10,50,40,30.00,11.760,0.1340,0.6658,4.410,0.0340,0.0342,0.2529
40,60,10,50,40,30.00,11.824,0.1338,0.6722,4.474,0.0338,0.0278,0.2537
50,50,10,50,40,30.00,11.776,0.1330,0.6612,4.426,0.0330,0.0388,0.2547
70,30,8,52,44,30.00,11.744,0.1344,0.6535,4.394,0.0344,0.0465,0.2566
55,45,10,50,40,30.00,11.761,0.1341,0.6545,4.411,0.0341,0.0454,0.2569
60,40,10,50,40,30.00,11.743,0.1346,0.6510,4.393,0.0346,0.0490,0.2576
75,25,8,52,44,30.00,11.760,0.1341,0.6521,4.410,0.0341,0.0479,0.2577
60,40,5,57,52,31.00,12.127,0.1310,0.6983,4.777,0.0310,0.0017,0.2581
65,35,5,57,52,31.00,12.095,0.1326,0.6927,4.745,0.0326,0.0073,0.2594
65,35,10,50,40,30.00,11.775,0.1330,0.6430,4.425,0.0330,0.0570,0.2610
55,45,5,57,52,31.00,12.146,0.1307,0.7088,4.796,0.0307,0.0088,0.2613
70,30,5,57,52,31.00,12.142,0.1319,0.6876,4.792,0.0319,0.0124,0.2631
45,55,5,57,52,31.00,12.098,0.1301,0.7222,4.748,0.0301,0.0222,0.2632
70,30,10,50,40,30.00,11.791,0.1322,0.6375,4.441,0.0322,0.0625,0.2633
50,50,5,57,52,31.00,12.162,0.1305,0.7137,4.812,0.0305,0.0137,0.2637
75,25,10,50,40,30.00,11.791,0.1319,0.6311,4.441,0.0319,0.0689,0.2653
40,60,5,57,52,31.00,12.130,0.1298,0.7277,4.780,0.0298,0.0277,0.2666
75,25,5,57,52,31.00,12.159,0.1314,0.6785,4.809,0.0314,0.0215,0.2668
35,65,5,57,52,31.00,12.130,0.1293,0.7339,4.780,0.0293,0.0339,0.2685
30,70,5,57,52,31.00,12.114,0.1285,0.7394,4.764,0.0285,0.0394,0.2691
45,55,8,56,48,32.00,12.510,0.1298,0.7004,5.160,0.0298,0.0004,0.2760
65,35,6,58,52,32.00,12.495,0.1289,0.6920,5.145,0.0289,0.0080,0.2774
60,40,6,58,52,32.00,12.527,0.1296,0.6971,5.177,0.0296,0.0029,0.2776
50,50,8,56,48,32.00,12.543,0.1291,0.6974,5.193,0.0291,0.0026,0.2780
30,70,10,54,44,32.00,12.543,0.1295,0.7020,5.193,0.0295,0.0020,0.2780
35,65,10,54,44,32.00,12.527,0.1299,0.6963,5.177,0.0299,0.0037,0.2781
55,45,6,58,52,32.00,12.543,0.1295,0.7077,5.193,0.0295,0.0077,0.2801
55,45,8,56,48,32.00,12.512,0.1296,0.6872,5.162,0.0296,0.0128,0.2803
40,60,8,56,48,32.00,12.575,0.1295,0.7044,5.225,0.0295,0.0044,0.2804
45,55,6,58,52,32.00,12.495,0.1301,0.7193,5.145,0.0301,0.0193,0.2821
70,30,6,58,52,32.00,12.544,0.1293,0.6847,5.194,0.0293,0.0153,0.2827
45,55,10,54,44,32.00,12.528,0.1301,0.6831,5.178,0.0301,0.0169,0.2829
50,50,6,58,52,32.00,12.558,0.1302,0.7124,5.208,0.0302,0.0124,0.2829
35,65,8,56,48,32.00,12.528,0.1307,0.7166,5.178,0.0307,0.0166,0.2831
60,40,8,56,48,32.00,12.544,0.1304,0.6846,5.194,0.0304,0.0154,0.2833
30,70,8,56,48,32.00,12.512,0.1304,0.7208,5.162,0.0304,0.0208,0.2836
40,60,10,54,44,32.00,12.560,0.1304,0.6857,5.210,0.0304,0.0143,0.2838
40,60,6,58,52,32.00,12.527,0.1302,0.7258,5.177,0.0302,0.0258,0.2860
65,35,8,56,48,32.00,12.512,0.1317,0.6746,5.162,0.0317,0.0254,0.2860
75,25,6,58,52,32.00,12.560,0.1307,0.6761,5.210,0.0307,0.0239,0.2873
35,65,6,58,52,32.00,12.527,0.1307,0.7312,5.177,0.0307,0.0312,0.2882
30,70,6,58,52,32.00,12.511,0.1309,0.7361,5.161,0.0309,0.0361,0.2892
70,30,8,56,48,32.00,12.528,0.1315,0.6659,5.178,0.0315,0.0341,0.2897
50,50,10,54,44,32.00,12.609,0.1314,0.6768,5.259,0.0314,0.0232,0.2899
75,25,8,56,48,32.00,12.511,0.1321,0.6626,5.161,0.0321,0.0374,0.2904
60,40,10,54,44,32.00,12.543,0.1317,0.6647,5.193,0.0317,0.0353,0.2910
55,45,10,54,44,32.00,12.575,0.1320,0.6663,5.225,0.0320,0.0337,0.2923
65,35,10,54,44,32.00,12.495,0.1326,0.6557,5.145,0.0326,0.0443,0.2923
70,30,10,54,44,32.00,12.543,0.1325,0.6483,5.193,0.0325,0.0517,0.2973
75,25,10,54,44,32.00,12.559,0.1323,0.6469,5.209,0.0323,0.0531,0.2985
45,55,10,58,48,34.00,13.310,0.1297,0.6953,5.960,0.0297,0.0047,0.3175
40,60,10,58,48,34.00,13.374,0.1297,0.7007,6.024,0.0297,0.0007,0.3193
55,45,8,60,52,34.00,13.341,0.1300,0.7047,5.991,0.0300,0.0048,0.3193
65,35,8,60,52,34.00,13.294,0.1297,0.6865,5.944,0.0297,0.0135,0.3197
60,40,8,60,52,34.00,13.326,0.1302,0.6920,5.976,0.0302,0.0080,0.3198
50,50,10,58,48,34.00,13.342,0.1296,0.6922,5.992,0.0296,0.0078,0.3201
45,55,8,60,52,34.00,13.293,0.1291,0.7183,5.943,0.0291,0.0183,0.3210
30,70,10,58,48,34.00,13.311,0.1287,0.7184,5.961,0.0287,0.0184,0.3217
55,45,10,58,48,34.00,13.310,0.1296,0.6829,5.960,0.0296,0.0171,0.3217
35,65,10,58,48,34.00,13.327,0.1298,0.7148,5.977,0.0298,0.0148,0.3219
50,50,8,60,52,34.00,13.358,0.1304,0.7099,6.008,0.0304,0.0099,0.3221
70,30,8,60,52,34.00,13.341,0.1295,0.6808,5.991,0.0295,0.0192,0.3239
40,60,8,60,52,34.00,13.326,0.1280,0.7240,5.976,0.0280,0.0240,0.3240
60,40,10,58,48,34.00,13.342,0.1294,0.6805,5.992,0.0294,0.0195,0.3240
65,35,10,58,48,34.00,13.308,0.1283,0.6713,5.958,0.0283,0.0287,0.3250
35,65,8,60,52,34.00,13.325,0.1287,0.7301,5.975,0.0287,0.0301,0.3265
30,70,8,60,52,34.00,13.309,0.1283,0.7346,5.959,0.0283,0.0346,0.3270
75,25,8,60,52,34.00,13.357,0.1289,0.6721,6.007,0.0289,0.0279,0.3275
70,30,10,58,48,34.00,13.325,0.1278,0.6618,5.975,0.0278,0.0382,0.3288
75,25,10,58,48,34.00,13.309,0.1287,0.6587,5.959,0.0287,0.0413,0.3296
55,45,10,62,52,36.00,14.139,0.1255,0.7023,6.789,0.0255,0.0023,0.3556
45,55,10,62,52,36.00,14.091,0.1235,0.7156,6.741,0.0235,0.0156,0.3566
65,35,10,62,52,36.00,14.091,0.1269,0.6861,6.741,0.0269,0.0139,0.3580
50,50,10,62,52,36.00,14.154,0.1254,0.7079,6.804,0.0254,0.0079,0.3582
60,40,10,62,52,36.00,14.121,0.1277,0.6914,6.771,0.0277,0.0086,0.3582
40,60,10,62,52,36.00,14.123,0.1233,0.7208,6.773,0.0233,0.0208,0.3599
35,65,10,62,52,36.00,14.124,0.1232,0.7269,6.774,0.0232,0.0269,0.3620
70,30,10,62,52,36.00,14.139,0.1267,0.6805,6.789,0.0267,0.0195,0.3623
30,70,10,62,52,36.00,14.109,0.1235,0.7321,6.759,0.0235,0.0321,0.3633
75,25,10,62,52,36.00,14.156,0.1266,0.6717,6.806,0.0266,0.0283,0.3662
